districtid,timeid,cases
206,1,5
206,2,3
206,3,10
206,4,1
206,5,4
206,6,5
206,7,66
206,8,75
206,9,22
206,10,34
206,11,64
206,12,23
206,13,38
206,14,54
206,15,24
206,16,31
206,17,90
206,18,142
206,19,161
206,20,227
206,21,347
206,22,583
206,23,767
206,24,1209
206,25,1517
307,7,94
307,8,68
307,9,37
307,10,13
307,11,52
307,12,78
307,13,56
307,14,130
307,15,361
307,16,567
307,17,1197
307,18,1677
307,19,4912
307,20,6213
307,21,5168
307,22,4712
307,23,4336
307,24,4785
307,25,4762
429,7,81
429,8,80
429,9,29
429,10,29
429,11,60
429,12,70
429,13,139
429,14,317
429,15,270
429,16,429
429,17,617
429,18,853
429,19,2097
429,20,1952
429,21,2653
429,22,2228
429,23,1652
429,24,2009
429,25,2283
434,7,157
434,8,117
434,9,55
434,10,30
434,11,66
434,12,58
434,13,163
434,14,322
434,15,437
434,16,670
434,17,814
434,18,2513
434,19,4676
434,20,7724
434,21,7951
434,22,6714
434,23,5404
434,24,5098
434,25,4758
665,7,2
665,9,2
665,10,9
665,11,7
665,12,8
665,13,8
665,14,20
665,15,3
665,16,31
665,17,757
665,18,1184
665,19,2264
665,20,2727
665,21,3502
665,22,3431
665,23,4264
665,24,4014
665,25,4930
735,7,8
735,8,9
735,9,2
735,10,5
735,11,8
735,12,99
735,13,90
735,14,226
735,15,306
735,16,320
735,17,487
735,18,1333
735,19,4609
735,20,5251
735,21,4211
735,22,5674
735,23,6500
735,24,5796
735,25,6817
131,7,6
131,8,6
131,9,8
131,10,26
131,11,19
131,12,17
131,13,39
131,14,45
131,15,34
131,16,81
131,17,19
131,18,112
131,19,141
131,20,463
131,21,333
131,22,466
131,23,519
131,24,265
131,25,340
178,7,16
178,8,1
178,9,17
178,10,3
178,11,42
178,12,22
178,13,43
178,14,4
178,15,59
178,16,64
178,17,26
178,18,292
178,19,396
178,20,636
178,21,571
178,22,589
178,23,368
178,24,281
178,25,260
234,7,5
234,8,4
234,9,7
234,10,24
234,11,47
234,12,43
234,13,18
234,14,68
234,15,70
234,16,65
234,17,51
234,18,77
234,19,137
234,20,269
234,21,328
234,22,489
234,23,317
234,24,223
234,25,229
440,7,3
440,9,10
440,10,12
440,11,11
440,12,30
440,13,4
440,14,14
440,15,40
440,16,11
440,17,40
440,18,239
440,19,198
440,20,176
440,21,202
440,22,299
440,23,292
440,24,174
440,25,132
458,7,18
458,8,6
458,9,29
458,10,80
458,11,57
458,12,27
458,13,74
458,14,50
458,15,96
458,16,60
458,17,88
458,18,112
458,19,78
458,20,411
458,21,594
458,22,956
458,23,1067
458,24,568
458,25,662
495,7,27
495,8,9
495,9,21
495,10,15
495,11,15
495,12,27
495,13,86
495,14,28
495,15,37
495,16,63
495,17,121
495,18,309
495,19,53
495,20,244
495,21,351
495,22,466
495,23,271
495,24,124
495,25,120
508,7,2
508,8,3
508,9,28
508,10,16
508,11,26
508,12,11
508,13,24
508,14,21
508,15,35
508,16,147
508,17,103
508,18,534
508,19,441
508,20,841
508,21,733
508,22,674
508,23,550
508,24,295
508,25,254
518,7,1
518,8,1
518,9,30
518,10,23
518,11,28
518,12,39
518,13,55
518,14,20
518,15,53
518,16,86
518,17,145
518,18,355
518,19,198
518,20,371
518,21,219
518,22,225
518,23,154
518,24,112
518,25,179
553,7,11
553,8,8
553,9,54
553,10,90
553,11,44
553,12,33
553,13,44
553,14,79
553,15,168
553,16,401
553,17,726
553,18,1890
553,19,2313
553,20,3464
553,21,3344
553,22,3664
553,23,2317
553,24,1952
553,25,1683
575,7,1
575,8,1
575,9,27
575,10,7
575,11,36
575,12,64
575,13,84
575,14,35
575,15,33
575,16,22
575,17,53
575,18,126
575,19,328
575,20,467
575,21,569
575,22,803
575,23,728
575,24,485
575,25,583
599,7,37
599,8,7
599,9,18
599,10,77
599,11,52
599,12,24
599,13,52
599,14,27
599,15,16
599,16,45
599,17,46
599,18,332
599,19,677
599,20,753
599,21,677
599,22,735
599,23,439
599,24,282
599,25,248
615,7,4
615,8,1
615,9,2
615,10,19
615,11,38
615,12,34
615,13,46
615,14,36
615,15,17
615,16,62
615,17,68
615,18,277
615,19,434
615,20,615
615,21,685
615,22,831
615,23,655
615,24,413
615,25,337
104,7,1362
104,8,1997
104,9,2604
104,10,1857
104,11,1880
104,12,2086
104,13,2339
104,14,2258
104,15,1705
104,16,1446
104,17,1208
104,18,1240
104,19,1366
104,20,1134
104,21,1082
104,22,1095
104,23,1180
104,24,1157
104,25,1174
121,7,25
121,8,3
121,9,5
121,10,8
121,11,9
121,12,9
121,13,17
121,14,21
121,15,47
121,16,52
121,17,42
121,18,62
121,19,57
121,20,78
121,21,77
121,22,59
121,23,77
121,24,62
121,25,81
190,7,15
190,8,26
190,9,3
190,11,3
190,12,1
190,13,5
190,14,6
190,15,11
190,16,17
190,17,17
190,18,30
190,19,46
190,20,54
190,21,91
190,22,47
190,23,48
190,24,55
190,25,58
288,7,42
288,8,52
288,9,44
288,10,47
288,11,51
288,12,140
288,13,58
288,14,89
288,15,77
288,16,83
288,17,156
288,18,197
288,19,198
288,20,253
288,21,198
288,22,213
288,23,201
288,24,228
288,25,270
583,7,13
583,8,8
583,9,13
583,10,8
583,11,21
583,12,20
583,13,20
583,14,33
583,15,59
583,16,127
583,17,242
583,18,324
583,19,401
583,20,557
583,21,620
583,22,662
583,23,679
583,24,714
583,25,947
672,7,135
672,8,193
672,9,195
672,10,236
672,11,280
672,12,469
672,13,469
672,14,554
672,15,1185
672,16,1472
672,17,1863
672,18,1832
672,19,1964
672,20,1958
672,21,1672
672,22,1683
672,23,1687
672,24,1781
672,25,1888
715,7,91
715,8,168
715,9,146
715,10,167
715,11,203
715,12,249
715,13,253
715,14,302
715,15,308
715,16,383
715,17,473
715,18,531
715,19,580
715,20,659
715,21,755
715,22,772
715,23,803
715,24,864
715,25,869
114,7,1
114,8,27
114,9,1
114,11,8
114,12,30
114,13,88
114,14,101
114,15,40
114,16,49
114,17,137
114,18,337
114,19,390
114,20,404
114,21,429
114,22,446
114,23,550
114,24,557
114,25,787
277,7,16
277,8,27
277,9,56
277,10,51
277,11,144
277,12,281
277,13,466
277,14,1014
277,15,1225
277,16,1039
277,17,834
277,18,1152
277,19,1124
277,20,1356
277,21,1149
277,22,934
277,23,714
277,24,835
277,25,1160
352,7,40
352,8,34
352,9,16
352,10,1
352,11,6
352,12,10
352,13,19
352,14,54
352,15,55
352,16,93
352,17,136
352,18,157
352,19,136
352,20,66
352,21,75
352,22,84
352,23,70
352,24,124
352,25,233
652,7,6
652,8,63
652,9,45
652,10,20
652,11,45
652,12,151
652,13,186
652,14,290
652,15,331
652,16,309
652,17,422
652,18,456
652,19,374
652,20,181
652,21,257
652,22,295
652,23,265
652,24,535
652,25,719
344,7,2
344,13,26
344,17,3
344,18,11
344,19,7
344,20,51
344,21,52
344,22,34
344,23,73
344,24,92
344,25,146
591,7,28
591,8,10
591,9,10
591,10,11
591,11,15
591,12,15
591,13,21
591,14,30
591,15,12
591,16,53
591,17,109
591,18,358
591,19,743
591,20,791
591,21,1198
591,22,908
591,23,1324
591,24,1572
591,25,3189
123,7,51
123,8,23
123,9,40
123,10,110
123,11,42
123,12,72
123,13,99
123,14,106
123,15,42
123,16,84
123,17,64
123,18,251
123,19,119
123,20,160
123,21,210
123,22,227
123,23,292
123,24,236
123,25,223
148,7,4
148,8,6
148,9,1
148,10,5
148,11,7
148,12,47
148,13,42
148,14,24
148,15,28
148,16,15
148,17,33
148,18,92
148,19,163
148,20,164
148,21,217
148,22,410
148,23,412
148,24,311
148,25,225
433,7,8
433,8,16
433,9,26
433,10,67
433,11,95
433,12,72
433,13,56
433,14,48
433,15,82
433,16,67
433,17,162
433,18,87
433,19,185
433,20,80
433,21,132
433,22,268
433,23,282
433,24,265
433,25,244
595,7,1
595,9,2
595,10,1
595,11,10
595,12,6
595,13,4
595,14,8
595,15,8
595,16,5
595,17,12
595,18,7
595,19,37
595,20,55
595,21,58
595,22,56
595,23,79
595,24,19
595,25,71
666,7,21
666,8,25
666,9,24
666,10,23
666,11,94
666,12,97
666,13,144
666,14,128
666,15,203
666,16,247
666,17,521
666,18,999
666,19,1182
666,20,1298
666,21,909
666,22,790
666,23,1031
666,24,1204
666,25,960
135,7,6
135,8,21
135,9,20
135,10,6
135,11,1
135,12,13
135,13,9
135,14,17
135,15,46
135,16,63
135,17,166
135,18,237
135,19,596
135,20,588
135,21,1098
135,22,1083
135,23,1066
135,24,850
135,25,971
165,7,16
165,8,30
165,9,41
165,10,51
165,11,71
165,12,114
165,13,196
165,14,428
165,15,1455
165,16,5814
165,17,8517
165,18,12757
165,19,13884
165,20,13893
165,21,14841
165,22,15443
165,23,18069
165,24,18693
165,25,20315
231,7,5
231,8,7
231,9,19
231,10,15
231,11,57
231,12,51
231,13,96
231,14,155
231,15,150
231,16,519
231,17,939
231,18,1280
231,19,1301
231,20,1240
231,21,1223
231,22,1574
231,23,1493
231,24,1972
231,25,2491
477,7,10
477,8,2
477,9,22
477,10,187
477,11,20
477,12,76
477,13,5
477,14,26
477,15,36
477,16,108
477,17,176
477,18,178
477,19,265
477,20,533
477,21,835
477,22,768
477,23,830
477,24,1020
477,25,1433
721,7,7
721,8,3
721,9,4
721,10,15
721,11,28
721,12,97
721,13,35
721,14,19
721,15,86
721,16,174
721,17,251
721,18,656
721,19,749
721,20,856
721,21,686
721,22,1007
721,23,822
721,24,928
721,25,719
329,7,4
329,9,1
329,10,1
329,11,7
329,12,16
329,13,10
329,14,13
329,15,28
329,16,22
329,17,70
329,18,140
329,19,248
329,20,238
329,21,229
329,22,201
329,23,228
329,24,220
329,25,166
380,7,5
380,9,3
380,10,45
380,11,64
380,12,32
380,13,39
380,14,41
380,15,69
380,16,155
380,17,127
380,18,179
380,19,292
380,20,228
380,21,254
380,22,339
380,23,596
380,24,829
380,25,816
426,7,6
426,9,2
426,10,9
426,11,13
426,12,22
426,13,23
426,14,50
426,15,73
426,16,41
426,17,63
426,18,140
426,19,363
426,20,425
426,21,271
426,22,472
426,23,849
426,24,872
426,25,973
469,7,2
469,8,2
469,9,19
469,10,29
469,11,23
469,12,81
469,13,93
469,14,62
469,15,117
469,16,181
469,17,317
469,18,251
469,19,412
469,20,589
469,21,895
469,22,1690
469,23,2177
469,24,2068
469,25,1227
538,7,1
538,9,9
538,10,36
538,11,85
538,12,82
538,13,53
538,14,72
538,15,146
538,16,111
538,17,217
538,18,228
538,19,354
538,20,352
538,21,486
538,22,903
538,23,614
538,24,831
538,25,359
105,7,6
105,8,18
105,9,12
105,10,0
105,11,36
105,12,82
105,13,45
105,14,38
105,15,65
105,16,170
105,17,276
105,18,436
105,19,1624
105,20,2387
105,21,3282
105,22,4009
105,23,3413
105,24,3726
105,25,4350
117,7,11
117,8,51
117,9,20
117,10,54
117,11,57
117,12,76
117,13,46
117,14,81
117,15,90
117,16,132
117,17,168
117,18,321
117,19,456
117,20,525
117,21,633
117,22,701
117,23,753
117,24,754
117,25,797
132,7,170
132,8,222
132,9,431
132,10,346
132,11,243
132,12,399
132,13,699
132,14,713
132,15,1313
132,16,1685
132,17,1724
132,18,1460
132,19,2094
132,20,2462
132,21,2007
132,22,2315
132,23,2252
132,24,2022
132,25,1999
171,7,1
171,10,8
171,11,20
171,12,10
171,13,10
171,14,22
171,15,8
171,16,10
171,17,65
171,18,25
171,19,28
171,20,41
171,21,122
171,22,122
171,23,216
171,24,247
171,25,599
339,7,27
339,8,87
339,9,117
339,10,153
339,11,204
339,12,356
339,13,670
339,14,550
339,15,716
339,16,1127
339,17,1575
339,18,1565
339,19,1759
339,20,2174
339,21,3009
339,22,3231
339,23,4083
339,24,4651
339,25,4657
417,7,6
417,8,3
417,9,8
417,10,202
417,11,200
417,12,209
417,13,54
417,14,47
417,15,70
417,16,86
417,17,201
417,18,769
417,19,1459
417,20,2342
417,21,2775
417,22,4943
417,23,3625
417,24,3980
417,25,4259
443,7,3
443,8,13
443,9,9
443,10,33
443,11,51
443,12,17
443,13,28
443,14,49
443,15,63
443,16,129
443,17,226
443,18,385
443,19,461
443,20,758
443,21,1125
443,22,1623
443,23,1462
443,24,1122
443,25,2116
493,7,2952
493,8,4505
493,9,5691
493,10,10262
493,11,9625
493,12,8912
493,13,9477
493,14,8498
493,15,8923
493,16,8985
493,17,8508
493,18,8605
493,19,7710
493,20,7271
493,21,6985
493,22,5400
493,23,7646
493,24,8027
493,25,10323
506,7,39
506,8,78
506,9,128
506,10,113
506,11,91
506,12,182
506,13,244
506,14,289
506,15,129
506,16,272
506,17,285
506,18,526
506,19,849
506,20,1855
506,21,2794
506,22,4892
506,23,5977
506,24,7332
506,25,10061
513,7,3
513,8,29
513,9,26
513,10,39
513,11,10
513,12,60
513,13,36
513,14,75
513,15,39
513,16,70
513,17,165
513,18,227
513,19,432
513,20,569
513,21,1158
513,22,888
513,23,1283
513,24,1472
513,25,2317
517,7,131
517,8,333
517,9,240
517,10,96
517,11,180
517,12,301
517,13,440
517,14,783
517,15,1068
517,16,1230
517,17,1951
517,18,2084
517,19,3216
517,20,3043
517,21,4398
517,22,6037
517,23,5726
517,24,6115
517,25,6681
540,7,47
540,8,60
540,9,142
540,10,220
540,11,358
540,12,418
540,13,830
540,14,1009
540,15,1655
540,16,2293
540,17,2170
540,18,2223
540,19,2274
540,20,2088
540,21,2026
540,22,2881
540,23,2310
540,24,1816
540,25,2686
571,7,287
571,8,886
571,9,1422
571,10,1700
571,11,2190
571,12,1752
571,13,2433
571,14,3564
571,15,4475
571,16,7195
571,17,10400
571,18,14219
571,19,21432
571,20,18923
571,21,18058
571,22,17530
571,23,20153
571,24,21777
571,25,25111
577,7,19
577,8,150
577,9,188
577,10,202
577,11,426
577,12,369
577,13,370
577,14,618
577,15,1119
577,16,2067
577,17,2425
577,18,2831
577,19,3248
577,20,2866
577,21,2752
577,22,3297
577,23,3197
577,24,3057
577,25,4784
650,7,68
650,8,75
650,9,181
650,10,196
650,11,305
650,12,389
650,13,477
650,14,440
650,15,358
650,16,570
650,17,595
650,18,1617
650,19,2111
650,20,1925
650,21,1951
650,22,2728
650,23,2484
650,24,2390
650,25,3271
682,7,348
682,8,1171
682,9,1577
682,10,2296
682,11,2993
682,12,3341
682,13,4842
682,14,5906
682,15,9523
682,16,13098
682,17,13654
682,18,13802
682,19,11562
682,20,9713
682,21,9078
682,22,8996
682,23,8992
682,24,8224
682,25,11137
746,7,31
746,8,16
746,9,4
746,10,14
746,11,17
746,12,30
746,13,16
746,14,54
746,15,49
746,16,50
746,17,85
746,18,94
746,19,204
746,20,332
746,21,334
746,22,631
746,23,425
746,24,647
746,25,924
179,7,111
179,8,178
179,9,250
179,10,237
179,11,231
179,12,311
179,13,412
179,14,312
179,15,248
179,16,279
179,17,423
179,18,678
179,19,1024
179,20,1360
179,21,1070
179,22,708
179,23,876
179,24,1008
179,25,1306
244,7,3
244,8,10
244,9,22
244,10,22
244,11,12
244,12,30
244,13,36
244,14,40
244,15,15
244,16,24
244,17,20
244,18,75
244,19,77
244,20,28
244,21,31
244,22,56
244,23,62
244,24,97
244,25,112
316,7,3
316,13,8
316,14,13
316,15,4
316,16,11
316,17,25
316,18,58
316,19,49
316,20,34
316,21,21
316,22,38
316,23,77
316,24,76
316,25,75
326,7,3
326,8,1
326,9,1
326,14,4
326,17,9
326,18,41
326,19,44
326,20,76
326,21,81
326,22,65
326,23,90
326,24,88
326,25,85
332,7,369
332,8,235
332,9,598
332,10,555
332,11,498
332,12,291
332,13,307
332,14,259
332,15,287
332,16,235
332,17,366
332,18,730
332,19,803
332,20,739
332,21,895
332,22,1247
332,23,1377
332,24,1488
332,25,1860
333,7,33
333,8,27
333,9,56
333,10,24
333,11,34
333,12,35
333,13,39
333,14,28
333,15,51
333,16,44
333,17,88
333,18,234
333,19,220
333,20,345
333,21,448
333,22,502
333,23,711
333,24,854
333,25,906
580,7,29
580,8,7
580,9,1
580,10,2
580,11,1
580,12,1
580,13,14
580,14,8
580,15,18
580,16,3
580,17,2
580,18,27
580,19,114
580,20,83
580,21,76
580,22,61
580,23,96
580,24,74
580,25,96
702,7,41
702,8,80
702,9,69
702,10,235
702,11,129
702,12,59
702,13,58
702,14,58
702,15,21
702,16,8
702,17,16
702,18,74
702,19,138
702,20,95
702,21,96
702,22,125
702,23,145
702,24,142
702,25,230
169,7,3
169,8,6
169,9,21
169,10,52
169,11,15
169,12,27
169,13,17
169,14,28
169,15,40
169,16,20
169,17,37
169,18,35
169,19,194
169,20,115
169,21,230
169,22,546
169,23,604
169,24,539
169,25,642
422,7,1
422,11,7
422,12,6
422,13,3
422,14,7
422,15,4
422,16,29
422,17,38
422,18,130
422,19,219
422,20,373
422,21,327
422,22,569
422,23,731
422,24,795
422,25,742
669,7,4
669,8,3
669,9,13
669,10,7
669,11,15
669,12,33
669,13,42
669,14,23
669,15,35
669,16,75
669,17,404
669,18,118
669,19,242
669,20,415
669,21,675
669,22,851
669,23,777
669,24,571
669,25,504
384,7,10
384,8,11
384,9,8
384,10,3
384,11,1
384,12,4
384,13,2
384,14,20
384,15,23
384,16,24
384,17,17
384,18,23
384,19,45
384,20,97
384,21,122
384,22,178
384,23,231
384,24,340
384,25,312
678,7,14
678,8,143
678,9,-3
678,10,-1
678,11,4
678,12,2
678,13,5
678,14,16
678,15,7
678,16,19
678,17,10
678,18,6
678,19,40
678,20,111
678,21,94
678,22,72
678,23,116
678,24,98
678,25,162
106,7,42
106,8,46
106,9,43
106,10,31
106,11,51
106,12,27
106,13,52
106,14,30
106,15,44
106,16,79
106,17,159
106,18,290
106,19,464
106,20,489
106,21,526
106,22,550
106,23,584
106,24,429
106,25,500
175,7,4
175,8,6
175,9,7
175,10,61
175,11,29
175,12,26
175,13,21
175,14,35
175,15,23
175,16,20
175,17,24
175,18,61
175,19,135
175,20,200
175,21,320
175,22,250
175,23,400
175,24,482
175,25,124
222,7,26
222,8,109
222,9,16
222,10,18
222,11,6
222,12,15
222,13,8
222,14,5
222,15,4
222,16,3
222,17,4
222,18,1
222,19,12
222,20,59
222,21,84
222,22,156
222,23,193
222,24,94
222,25,185
335,7,153
335,8,235
335,9,320
335,10,221
335,11,224
335,12,227
335,13,317
335,14,292
335,15,426
335,16,256
335,17,379
335,18,425
335,19,520
335,20,744
335,21,806
335,22,858
335,23,1363
335,24,1686
335,25,2146
336,7,1
336,9,12
336,10,17
336,11,10
336,13,7
336,14,16
336,15,10
336,16,8
336,17,3
336,18,8
336,19,33
336,20,37
336,21,45
336,22,38
336,23,32
336,24,64
336,25,97
353,7,10
353,8,7
353,9,1
353,10,11
353,11,190
353,12,77
353,13,16
353,14,23
353,15,10
353,17,5
353,18,13
353,19,48
353,20,130
353,21,194
353,22,174
353,23,171
353,24,180
353,25,514
360,7,241
360,8,257
360,9,131
360,10,196
360,11,287
360,12,286
360,13,389
360,14,226
360,15,268
360,16,303
360,17,715
360,18,865
360,19,1299
360,20,1187
360,21,920
360,22,976
360,23,1320
360,24,1598
360,25,1278
425,7,49
425,8,26
425,9,86
425,10,54
425,11,79
425,12,54
425,13,38
425,14,11
425,15,75
425,16,98
425,17,49
425,18,209
425,19,277
425,20,550
425,21,747
425,22,968
425,23,544
425,24,862
425,25,1217
505,7,5
505,8,1
505,9,42
505,10,135
505,11,150
505,12,48
505,13,44
505,14,56
505,15,24
505,16,78
505,17,215
505,18,155
505,19,164
505,20,218
505,21,221
505,22,249
505,23,284
505,24,126
505,25,186
541,7,11
541,8,47
541,9,54
541,10,166
541,11,175
541,12,132
541,13,162
541,14,166
541,15,159
541,16,94
541,17,268
541,18,407
541,19,481
541,20,323
541,21,492
541,22,195
541,23,264
541,24,300
541,25,327
695,7,19
695,8,2
695,9,11
695,10,12
695,11,4
695,12,6
695,13,11
695,14,16
695,15,4
695,16,4
695,17,10
695,18,10
695,19,28
695,20,27
695,21,99
695,22,65
695,23,89
695,24,68
695,25,164
697,7,4
697,8,94
697,9,260
697,10,96
697,11,82
697,12,45
697,13,14
697,14,41
697,15,40
697,16,91
697,17,94
697,18,92
697,19,129
697,20,217
697,21,261
697,22,287
697,23,258
697,24,225
697,25,207
212,7,732
212,8,2065
212,9,2954
212,10,3716
212,11,4000
212,12,6998
212,13,9451
212,14,9197
212,15,12058
212,16,14839
212,17,9620
212,18,8440
212,19,8939
212,20,7340
212,21,7247
212,22,7320
212,23,8627
212,24,9102
212,25,7512
459,7,13
459,8,26
459,9,33
459,10,79
459,11,42
459,12,30
459,13,111
459,14,227
459,15,1067
459,16,2073
459,17,1981
459,18,2287
459,19,1551
459,20,1580
459,21,723
459,22,745
459,23,685
459,24,566
459,25,780
723,7,6
723,8,245
723,9,6
723,10,19
723,11,39
723,12,3
723,13,52
723,14,130
723,15,214
723,16,312
723,17,378
723,18,681
723,19,787
723,20,1000
723,21,540
723,22,654
723,23,780
723,24,1172
723,25,1195
103,7,164
103,8,207
103,9,63
103,10,39
103,11,30
103,12,64
103,13,84
103,14,113
103,15,49
103,16,82
103,17,113
103,18,97
103,19,132
103,20,217
103,21,225
103,22,217
103,23,195
103,24,297
103,25,528
109,7,28
109,8,14
109,9,11
109,10,55
109,11,24
109,12,40
109,13,70
109,14,100
109,15,99
109,16,122
109,17,150
109,18,163
109,19,219
109,20,328
109,21,533
109,22,533
109,23,636
109,24,861
109,25,1026
154,7,4
154,8,1
154,9,3
154,10,25
154,11,13
154,12,15
154,13,50
154,14,40
154,15,63
154,16,104
154,17,226
154,18,280
154,19,457
154,20,1158
154,21,982
154,22,1264
154,23,851
154,24,749
154,25,924
182,7,5
182,8,8
182,9,4
182,10,24
182,11,25
182,12,50
182,13,55
182,14,18
182,15,40
182,16,59
182,17,79
182,18,103
182,19,136
182,20,95
182,21,160
182,22,211
182,23,194
182,24,315
182,25,406
191,7,2
191,8,1
191,10,17
191,11,4
191,12,7
191,13,7
191,14,36
191,15,39
191,16,26
191,17,47
191,18,50
191,19,70
191,20,125
191,21,178
191,22,170
191,23,317
191,24,345
191,25,305
192,7,16
192,8,7
192,9,20
192,10,23
192,11,15
192,12,51
192,13,148
192,14,170
192,15,80
192,16,99
192,17,204
192,18,156
192,19,146
192,20,199
192,21,151
192,22,221
192,23,236
192,24,226
192,25,315
283,7,54
283,8,54
283,9,8
283,10,9
283,11,46
283,12,59
283,13,49
283,14,85
283,15,60
283,16,21
283,17,17
283,18,47
283,19,56
283,20,78
283,21,142
283,22,154
283,23,172
283,24,183
283,25,365
292,7,42
292,8,67
292,9,33
292,10,75
292,11,75
292,12,214
292,13,290
292,14,456
292,15,703
292,16,574
292,17,701
292,18,677
292,19,613
292,20,691
292,21,540
292,22,540
292,23,592
292,24,729
292,25,957
304,7,3
304,8,1
304,9,9
304,10,25
304,11,38
304,12,50
304,13,27
304,14,69
304,15,76
304,16,113
304,17,184
304,18,368
304,19,494
304,20,765
304,21,1042
304,22,1776
304,23,1887
304,24,1809
304,25,1820
315,7,10
315,8,21
315,9,15
315,10,20
315,11,54
315,12,24
315,13,60
315,14,190
315,15,160
315,16,98
315,17,207
315,18,88
315,19,104
315,20,187
315,21,132
315,22,86
315,23,69
315,24,127
315,25,184
338,7,3
338,8,26
338,9,10
338,10,2
338,11,1
338,12,6
338,13,49
338,14,38
338,15,29
338,16,36
338,17,5
338,18,33
338,19,27
338,20,183
338,21,325
338,22,136
338,23,166
338,24,164
338,25,247
354,7,9
354,8,11
354,9,10
354,10,1
354,11,6
354,12,10
354,13,28
354,14,23
354,15,47
354,16,88
354,17,294
354,18,525
354,19,807
354,20,462
354,21,390
354,22,361
354,23,611
354,24,581
354,25,500
382,7,57
382,8,67
382,9,20
382,10,13
382,11,40
382,12,131
382,13,188
382,14,240
382,15,146
382,16,223
382,17,379
382,18,597
382,19,1246
382,20,1813
382,21,2659
382,22,1980
382,23,2192
382,24,2074
382,25,2420
454,7,28
454,8,28
454,9,37
454,10,38
454,11,45
454,12,75
454,13,122
454,14,224
454,15,252
454,16,298
454,17,873
454,18,1396
454,19,2243
454,20,2487
454,21,3734
454,22,4582
454,23,4496
454,24,4705
454,25,5645
483,7,24
483,8,107
483,9,102
483,10,40
483,11,62
483,12,78
483,13,112
483,14,172
483,15,179
483,16,178
483,17,315
483,18,349
483,19,224
483,20,254
483,21,277
483,22,344
483,23,434
483,24,646
483,25,937
488,7,12
488,8,13
488,9,26
488,10,29
488,11,42
488,12,30
488,13,41
488,14,65
488,15,66
488,16,84
488,17,175
488,18,251
488,19,285
488,20,727
488,21,435
488,22,559
488,23,734
488,24,1114
488,25,918
560,7,1
560,8,1
560,9,2
560,10,35
560,11,5
560,12,4
560,13,32
560,14,20
560,15,19
560,16,22
560,17,36
560,18,31
560,19,172
560,20,388
560,21,281
560,22,467
560,23,321
560,24,365
560,25,349
564,7,3
564,8,2
564,9,9
564,10,39
564,11,19
564,12,9
564,13,7
564,14,13
564,15,4
564,16,9
564,17,12
564,18,27
564,19,72
564,20,217
564,21,318
564,22,278
564,23,314
564,24,341
564,25,422
590,7,5
590,8,3
590,9,29
590,10,79
590,11,36
590,12,25
590,13,59
590,14,56
590,15,36
590,16,28
590,17,52
590,18,105
590,19,139
590,20,382
590,21,505
590,22,433
590,23,418
590,24,743
590,25,601
122,7,18
122,8,31
122,9,20
122,10,14
122,11,73
122,12,65
122,13,144
122,14,371
122,15,531
122,16,779
122,17,1062
122,18,1343
122,19,4485
122,20,6838
122,21,7422
122,22,5698
122,23,5380
122,24,5133
122,25,5087
221,7,7
221,8,16
221,9,77
221,10,35
221,11,45
221,12,45
221,13,52
221,14,165
221,15,294
221,16,441
221,17,1259
221,18,1698
221,19,2662
221,20,4458
221,21,4922
221,22,6229
221,23,6418
221,24,5869
221,25,6869
126,7,2
126,9,2
126,10,1
126,11,35
126,12,33
126,13,15
126,14,15
126,15,13
126,16,17
126,17,33
126,18,81
126,19,122
126,20,305
126,21,388
126,22,844
126,23,435
126,24,524
126,25,723
149,7,1
149,8,1
149,9,28
149,10,38
149,11,42
149,12,18
149,13,38
149,14,34
149,15,25
149,16,13
149,17,55
149,18,59
149,19,77
149,20,250
149,21,374
149,22,256
149,23,165
149,24,134
149,25,188
196,7,28
196,8,3
196,9,3
196,10,55
196,11,3
196,12,9
196,13,28
196,14,46
196,15,24
196,16,8
196,17,49
196,18,142
196,19,220
196,20,459
196,21,544
196,22,734
196,23,323
196,24,180
196,25,161
303,7,6
303,9,14
303,10,57
303,11,20
303,12,23
303,13,23
303,14,55
303,15,36
303,16,58
303,17,115
303,18,169
303,19,116
303,20,334
303,21,382
303,22,480
303,23,396
303,24,325
303,25,341
350,7,3
350,8,1
350,9,22
350,10,79
350,11,38
350,12,33
350,13,11
350,14,29
350,15,16
350,16,24
350,17,56
350,18,95
350,19,298
350,20,218
350,21,306
350,22,584
350,23,285
350,24,172
350,25,203
364,7,13
364,8,5
364,9,2
364,10,12
364,11,31
364,12,23
364,13,38
364,14,10
364,15,14
364,16,46
364,17,14
364,18,84
364,19,14
364,20,218
364,21,156
364,22,306
364,23,175
364,24,74
364,25,112
628,7,1
628,8,1
628,9,19
628,10,20
628,11,47
628,12,20
628,13,12
628,14,10
628,15,10
628,16,27
628,17,26
628,18,82
628,19,151
628,20,164
628,21,390
628,22,425
628,23,187
628,24,104
628,25,133
644,7,6
644,9,1
644,10,21
644,11,23
644,12,17
644,13,27
644,14,26
644,15,9
644,16,20
644,17,18
644,18,59
644,19,153
644,20,254
644,21,529
644,22,677
644,23,525
644,24,238
644,25,262
671,7,6
671,10,1
671,11,1
671,12,3
671,13,3
671,14,3
671,15,7
671,17,7
671,18,1
671,19,10
671,20,20
671,21,29
671,22,27
671,23,45
671,24,95
671,25,215
173,7,-2
173,8,1
173,9,4
173,10,5
173,11,1
173,12,16
173,13,24
173,14,58
173,15,69
173,16,76
173,17,120
173,18,160
173,19,165
173,20,167
173,21,114
173,22,170
173,23,177
173,24,159
173,25,168
174,7,13
174,8,41
174,9,13
174,10,7
174,11,7
174,12,17
174,13,28
174,14,23
174,15,51
174,16,82
174,17,234
174,18,322
174,19,272
174,20,274
174,21,349
174,22,282
174,23,310
174,24,348
174,25,362
544,7,1
544,8,23
544,10,17
544,11,8
544,12,11
544,13,21
544,14,25
544,15,48
544,16,59
544,17,143
544,18,141
544,19,345
544,20,292
544,21,416
544,22,476
544,23,658
544,24,701
544,25,1033
569,7,4
569,8,6
569,9,2
569,10,10
569,11,45
569,12,51
569,13,91
569,14,100
569,15,117
569,16,105
569,17,111
569,18,197
569,19,352
569,20,344
569,21,269
569,22,222
569,23,249
569,24,287
569,25,242
284,7,1
284,9,7
284,10,23
284,12,6
284,13,8
284,14,11
284,15,80
284,16,63
284,17,99
284,18,253
284,19,388
284,20,537
284,21,685
284,22,812
284,23,917
284,24,1082
284,25,1327
367,7,17
367,8,12
367,9,27
367,10,42
367,11,118
367,12,367
367,13,262
367,14,277
367,15,204
367,16,233
367,17,427
367,18,650
367,19,1038
367,20,1817
367,21,1618
367,22,1393
367,23,1399
367,24,1413
367,25,1393
392,7,4
392,9,15
392,10,16
392,11,57
392,12,59
392,13,36
392,14,34
392,15,38
392,16,54
392,17,97
392,18,262
392,19,484
392,20,465
392,21,792
392,22,626
392,23,676
392,24,989
392,25,1010
387,7,3
387,8,1
387,10,5
387,11,22
387,12,17
387,13,268
387,14,302
387,15,78
387,16,13
387,17,7
387,18,12
387,19,28
387,20,65
387,21,35
387,22,120
387,23,120
387,24,127
387,25,83
107,7,20
107,8,94
107,9,93
107,10,137
107,11,198
107,12,191
107,13,228
107,14,174
107,15,221
107,16,224
107,17,215
107,18,194
107,19,311
107,20,311
107,21,273
107,22,316
107,23,228
107,24,321
107,25,546
323,7,29
323,8,21
323,9,8
323,10,46
323,11,37
323,12,57
323,13,30
323,14,16
323,15,10
323,16,26
323,17,49
323,18,50
323,19,121
323,20,47
323,21,200
323,22,223
323,23,221
323,24,240
323,25,272
616,7,7
616,8,62
616,9,33
616,10,73
616,11,286
616,12,136
616,13,105
616,14,92
616,15,123
616,16,328
616,17,359
616,18,621
616,19,733
616,20,1088
616,21,1347
616,22,1766
616,23,2114
616,24,3623
616,25,4806
195,7,18
195,8,29
195,9,102
195,10,64
195,11,84
195,12,34
195,13,50
195,14,8
195,15,3
195,16,13
195,17,16
195,18,16
195,19,18
195,20,25
195,21,13
195,22,12
195,23,30
195,24,18
195,25,24
248,7,15
248,8,28
248,9,17
248,10,13
248,11,14
248,12,5
248,13,8
248,14,7
248,15,27
248,16,9
248,17,14
248,18,69
248,19,82
248,20,53
248,21,92
248,22,63
248,23,118
248,24,184
248,25,166
596,7,2
596,9,9
596,10,15
596,11,9
596,12,1
596,13,3
596,14,3
596,15,9
596,16,11
596,17,9
596,18,65
596,19,62
596,20,141
596,21,88
596,22,87
596,23,91
596,24,73
596,25,183
624,7,3
624,10,1
624,11,6
624,12,3
624,13,2
624,14,1
624,15,6
624,16,2
624,17,4
624,18,18
624,19,9
624,20,22
624,21,19
624,22,101
624,23,111
624,24,191
624,25,217
327,7,35
327,8,48
327,9,2
327,10,10
327,11,14
327,12,18
327,13,3
327,14,18
327,15,16
327,16,15
327,17,8
327,18,64
327,19,193
327,20,95
327,21,73
327,22,203
327,23,173
327,24,492
327,25,383
337,7,42
337,8,55
337,9,32
337,10,6
337,11,28
337,12,29
337,13,53
337,14,213
337,15,150
337,16,148
337,17,353
337,18,429
337,19,321
337,20,474
337,21,616
337,22,746
337,23,1284
337,24,1037
337,25,1524
151,7,4
151,9,2
151,10,17
151,13,5
151,14,2
151,15,2
151,16,5
151,17,3
151,18,9
151,19,27
151,20,80
151,21,63
151,22,83
151,23,58
151,24,110
151,25,156
637,7,1
637,8,3
637,9,18
637,10,52
637,11,123
637,12,71
637,13,91
637,14,64
637,15,81
637,16,104
637,17,80
637,18,37
637,19,115
637,20,218
637,21,230
637,22,611
637,23,389
637,24,270
637,25,220
370,7,3
370,8,46
370,9,23
370,10,43
370,11,128
370,12,15
370,13,66
370,14,36
370,15,186
370,16,571
370,17,600
370,18,461
370,19,754
370,20,869
370,21,587
370,22,463
370,23,438
370,24,495
370,25,989
511,7,2
511,8,16
511,12,8
511,13,7
511,14,0
511,15,3
511,16,10
511,17,57
511,18,143
511,19,205
511,20,218
511,21,225
511,22,228
511,23,334
511,24,471
511,25,527
147,7,4
147,8,11
147,9,3
147,10,2
147,12,4
147,13,6
147,14,6
147,15,4
147,16,7
147,17,21
147,18,74
147,19,92
147,20,81
147,21,32
147,22,101
147,23,88
147,24,235
147,25,280
294,7,10
294,8,64
294,9,47
294,10,47
294,11,69
294,12,108
294,13,198
294,14,217
294,15,515
294,16,690
294,17,993
294,18,886
294,19,639
294,20,564
294,21,664
294,22,682
294,23,675
294,24,908
294,25,1039
302,7,2
302,8,8
302,9,13
302,10,15
302,11,24
302,12,19
302,13,28
302,14,19
302,15,27
302,16,19
302,17,38
302,18,48
302,19,122
302,20,374
302,21,398
302,22,329
302,23,517
302,24,449
302,25,337
348,7,3
348,8,0
348,9,18
348,10,97
348,11,46
348,12,95
348,13,140
348,14,68
348,15,35
348,16,52
348,17,99
348,18,182
348,19,473
348,20,658
348,21,668
348,22,309
348,23,331
348,24,315
348,25,336
479,7,12
479,8,30
479,9,-3
479,10,11
479,11,16
479,12,23
479,13,58
479,14,88
479,15,69
479,16,82
479,17,107
479,18,93
479,19,149
479,20,160
479,21,245
479,22,324
479,23,379
479,24,316
479,25,407
611,7,6
611,8,8
611,9,18
611,10,16
611,11,27
611,12,46
611,13,43
611,14,77
611,15,67
611,16,59
611,17,103
611,18,222
611,19,165
611,20,125
611,21,137
611,22,124
611,23,40
611,24,231
611,25,153
718,7,24
718,8,21
718,9,14
718,10,40
718,11,39
718,12,62
718,13,41
718,14,53
718,15,98
718,16,181
718,17,209
718,18,443
718,19,720
718,20,1032
718,21,1301
718,22,1178
718,23,1166
718,24,1146
718,25,1404
240,7,5
240,8,1
240,9,10
240,10,19
240,11,122
240,12,173
240,13,103
240,14,139
240,15,67
240,16,75
240,17,94
240,18,213
240,19,342
240,20,295
240,21,311
240,22,382
240,23,540
240,24,897
240,25,1325
267,7,6
267,8,1
267,9,6
267,10,7
267,11,131
267,12,82
267,13,48
267,14,165
267,15,460
267,16,544
267,17,885
267,18,3125
267,19,6892
267,20,8880
267,21,8889
267,22,9258
267,23,8571
267,24,8941
267,25,8774
563,7,5
563,9,2
563,10,4
563,11,8
563,12,10
563,13,14
563,14,76
563,15,97
563,16,401
563,17,365
563,18,676
563,19,1593
563,20,2262
563,21,2536
563,22,3147
563,23,4406
563,24,5767
563,25,6607
725,7,7
725,8,33
725,9,10
725,10,9
725,11,18
725,12,12
725,13,90
725,14,60
725,15,200
725,16,172
725,17,695
725,18,504
725,19,4165
725,20,5923
725,21,6612
725,22,5764
725,23,5057
725,24,5841
725,25,5020
163,7,2
163,8,15
163,9,28
163,10,76
163,11,69
163,12,63
163,13,37
163,14,48
163,15,42
163,16,87
163,17,182
163,18,417
163,19,259
163,20,515
163,21,730
163,22,1376
163,23,718
163,24,548
163,25,370
457,7,1
457,9,14
457,10,25
457,11,22
457,12,34
457,13,44
457,14,12
457,15,34
457,16,29
457,17,42
457,18,62
457,19,180
457,20,245
457,21,268
457,22,427
457,23,324
457,24,242
457,25,313
716,7,1
716,8,1
716,9,7
716,10,38
716,11,17
716,12,24
716,13,14
716,14,22
716,15,18
716,16,72
716,17,124
716,18,151
716,19,370
716,20,523
716,21,883
716,22,637
716,23,266
716,24,256
716,25,159
465,7,13
465,8,21
465,9,4
465,10,31
465,11,36
465,12,1
465,13,1
465,14,7
465,15,11
465,16,14
465,17,22
465,18,36
465,19,59
465,20,85
465,21,61
465,22,52
465,23,61
465,24,58
465,25,60
535,7,1
535,8,1
535,9,6
535,11,5
535,12,15
535,13,26
535,14,22
535,15,44
535,16,64
535,17,65
535,18,119
535,19,68
535,20,52
535,21,44
535,22,35
535,23,40
535,24,66
535,25,89
431,7,5
431,8,10
431,9,98
431,10,79
431,11,80
431,12,89
431,13,250
431,14,58
431,15,84
431,16,95
431,17,132
431,18,154
431,19,303
431,20,65
431,21,86
431,22,104
431,23,114
431,24,95
431,25,79
239,7,8
239,8,57
239,9,22
239,10,30
239,11,29
239,12,38
239,13,40
239,14,22
239,15,41
239,16,56
239,17,171
239,18,229
239,19,589
239,20,875
239,21,1074
239,22,1800
239,23,1702
239,24,2072
239,25,2120
499,7,1
499,10,2
499,11,4
499,12,3
499,13,17
499,14,35
499,15,86
499,16,174
499,17,364
499,18,741
499,19,1123
499,20,1945
499,21,2274
499,22,3059
499,23,2389
499,24,4506
499,25,4584
419,7,6
419,9,1
419,10,13
419,11,20
419,12,56
419,13,35
419,14,77
419,15,89
419,16,84
419,17,96
419,18,214
419,19,691
419,20,385
419,21,294
419,22,417
419,23,539
419,24,1031
419,25,871
686,7,2
686,10,7
686,11,33
686,12,41
686,13,24
686,14,30
686,15,41
686,16,64
686,17,445
686,18,1219
686,19,1410
686,20,1420
686,21,2091
686,22,2120
686,23,3331
686,24,2723
686,25,2370
613,7,4
613,8,4
613,9,10
613,10,29
613,11,38
613,12,33
613,13,76
613,14,61
613,15,50
613,16,85
613,17,161
613,18,292
613,19,431
613,20,1318
613,21,1759
613,22,1702
613,23,2499
613,24,3256
613,25,5801
639,7,2
639,8,2
639,9,5
639,11,23
639,12,80
639,13,37
639,14,13
639,15,30
639,16,46
639,17,18
639,18,14
639,19,50
639,20,53
639,21,88
639,22,110
639,23,303
639,24,226
639,25,554
731,7,1
731,8,-1
731,9,2
731,10,5
731,12,1
731,13,32
731,14,29
731,15,28
731,16,18
731,17,56
731,18,142
731,19,183
731,20,101
731,21,290
731,22,275
731,23,211
731,24,266
731,25,437
102,7,1
102,8,1
102,12,1
102,13,1
102,14,1
102,17,9
102,18,18
102,19,31
102,20,15
102,21,12
102,22,34
102,23,30
102,24,26
102,25,40
402,7,11
402,8,9
402,9,40
402,10,120
402,11,24
402,12,20
402,13,19
402,14,5
402,15,17
402,16,26
402,17,66
402,18,111
402,19,57
402,20,83
402,21,54
402,22,56
402,23,68
402,24,83
402,25,101
403,7,16
403,8,4
403,9,18
403,10,16
403,11,22
403,12,47
403,13,36
403,14,20
403,15,42
403,16,27
403,17,47
403,18,118
403,19,143
403,20,146
403,21,137
403,22,162
403,23,203
403,24,243
403,25,297
356,7,2
356,10,3
356,11,2
356,12,1
356,13,7
356,14,6
356,15,59
356,16,48
356,17,37
356,18,47
356,19,61
356,20,44
356,21,68
356,22,126
356,23,257
356,24,363
356,25,453
399,7,1
399,8,1
399,9,2
399,10,7
399,11,11
399,12,10
399,13,27
399,14,39
399,15,9
399,16,50
399,17,135
399,18,97
399,19,118
399,20,281
399,21,223
399,22,160
399,23,227
399,24,367
399,25,537
405,7,1
405,8,3
405,9,6
405,10,18
405,11,57
405,12,95
405,13,108
405,14,105
405,15,332
405,16,173
405,17,287
405,18,634
405,19,985
405,20,1635
405,21,1618
405,22,2059
405,23,3126
405,24,4174
405,25,5156
162,7,2
162,8,38
162,9,1
162,10,1
162,11,5
162,12,8
162,13,2
162,14,7
162,15,25
162,16,17
162,17,23
162,18,48
162,19,83
162,20,165
162,21,384
162,22,308
162,23,565
162,24,423
162,25,751
278,7,3
278,8,39
278,9,10
278,10,6
278,11,1
278,12,7
278,13,17
278,14,8
278,15,7
278,16,10
278,17,41
278,18,44
278,19,62
278,20,36
278,21,97
278,22,172
278,23,225
278,24,269
278,25,391
455,7,79
455,8,28
455,9,14
455,10,34
455,11,7
455,12,52
455,13,101
455,14,163
455,15,246
455,16,275
455,17,299
455,18,451
455,19,560
455,20,1050
455,21,1511
455,22,1672
455,23,2372
455,24,1577
455,25,1193
552,7,25
552,8,10
552,9,4
552,10,7
552,11,11
552,12,8
552,13,23
552,14,57
552,15,69
552,16,79
552,17,209
552,18,317
552,19,414
552,20,491
552,21,734
552,22,1058
552,23,1131
552,24,1156
552,25,1190
614,7,4
614,8,81
614,11,8
614,12,8
614,13,34
614,14,66
614,15,159
614,16,164
614,17,102
614,18,92
614,19,203
614,20,169
614,21,166
614,22,231
614,23,376
614,24,274
614,25,233
172,7,2
172,8,4
172,9,7
172,10,12
172,11,100
172,12,374
172,13,328
172,14,379
172,15,206
172,16,213
172,17,219
172,18,162
172,19,215
172,20,304
172,21,225
172,22,302
172,23,324
172,24,138
172,25,139
685,7,16
685,8,229
685,9,227
685,10,171
685,11,203
685,12,374
685,13,523
685,14,617
685,15,1006
685,16,1176
685,17,1825
685,18,2281
685,19,2693
685,20,2733
685,21,2484
685,22,2770
685,23,2740
685,24,2069
685,25,1880
497,7,5
497,8,3
497,10,14
497,11,34
497,12,30
497,13,60
497,14,72
497,15,30
497,16,44
497,17,97
497,18,117
497,19,153
497,20,190
497,21,149
497,22,217
497,23,262
497,24,413
497,25,618
603,7,21
603,8,1
603,9,16
603,10,8
603,11,30
603,12,9
603,13,17
603,14,65
603,15,30
603,16,62
603,17,105
603,18,69
603,19,155
603,20,336
603,21,337
603,22,654
603,23,580
603,24,903
603,25,1067
699,7,3
699,8,6
699,9,7
699,10,14
699,11,28
699,12,26
699,13,25
699,14,24
699,15,92
699,16,77
699,17,110
699,18,300
699,19,258
699,20,308
699,21,422
699,22,519
699,23,483
699,24,814
699,25,864
127,7,1
127,8,52
127,9,6
127,10,21
127,11,11
127,12,11
127,13,18
127,14,29
127,15,27
127,16,30
127,17,24
127,18,18
127,19,27
127,20,18
127,21,17
127,22,21
127,23,24
127,24,36
127,25,55
229,7,2
229,8,14
229,9,2
229,10,10
229,11,4
229,12,9
229,13,3
229,14,3
229,15,8
229,16,7
229,17,61
229,18,97
229,19,171
229,20,203
229,21,146
229,22,140
229,23,168
229,24,114
229,25,108
309,7,12
309,8,79
309,9,51
309,10,69
309,11,415
309,12,1015
309,13,1433
309,14,1182
309,15,763
309,16,759
309,17,919
309,18,846
309,19,897
309,20,675
309,21,482
309,22,551
309,23,673
309,24,821
309,25,1336
547,7,2
547,8,-1
547,9,4
547,10,16
547,11,35
547,12,21
547,13,3
547,14,3
547,15,7
547,16,27
547,17,68
547,18,123
547,19,132
547,20,230
547,21,283
547,22,437
547,23,583
547,24,514
547,25,714
159,7,2
159,10,13
159,11,4
159,12,11
159,13,8
159,14,14
159,15,30
159,16,20
159,17,41
159,18,62
159,19,120
159,20,351
159,21,176
159,22,87
159,23,52
159,24,94
159,25,117
592,7,3
592,8,7
592,9,5
592,10,3
592,11,3
592,12,17
592,13,35
592,14,47
592,15,14
592,16,25
592,17,43
592,18,50
592,19,88
592,20,77
592,21,98
592,22,133
592,23,109
592,24,174
592,25,238
119,7,129
119,8,145
119,9,13
119,10,17
119,11,56
119,12,60
119,13,167
119,14,153
119,15,117
119,16,76
119,17,93
119,18,185
119,19,266
119,20,420
119,21,376
119,22,455
119,23,468
119,24,598
119,25,832
308,7,4
308,8,110
308,9,7
308,10,8
308,11,7
308,12,11
308,13,18
308,14,10
308,15,32
308,16,34
308,17,45
308,18,20
308,19,56
308,20,231
308,21,250
308,22,247
308,23,269
308,24,850
308,25,547
485,7,24
485,8,28
485,9,3
485,10,0
485,11,2
485,12,5
485,13,3
485,14,6
485,15,19
485,16,22
485,17,27
485,18,51
485,19,71
485,20,78
485,21,187
485,22,161
485,23,423
485,24,265
485,25,222
601,7,3
601,8,12
601,9,42
601,11,2
601,12,9
601,13,7
601,14,6
601,15,18
601,16,12
601,17,10
601,18,34
601,19,38
601,20,69
601,21,84
601,22,86
601,23,219
601,24,184
601,25,156
113,7,4
113,8,9
113,9,13
113,10,12
113,11,8
113,12,29
113,13,168
113,14,90
113,15,123
113,16,193
113,17,459
113,18,535
113,19,1114
113,20,1340
113,21,1033
113,22,673
113,23,821
113,24,809
113,25,759
153,7,1
153,9,3
153,10,1
153,11,10
153,12,43
153,13,4
153,15,3
153,16,2
153,17,9
153,18,2
153,19,24
153,20,37
153,21,88
153,22,101
153,23,77
153,24,76
153,25,284
128,7,20
128,8,236
128,9,87
128,10,7
128,11,10
128,12,14
128,13,13
128,14,22
128,15,44
128,16,8
128,17,43
128,18,111
128,19,180
128,20,150
128,21,295
128,22,470
128,23,449
128,24,415
128,25,454
226,7,4
226,8,363
226,9,23
226,10,7
226,11,31
226,12,21
226,13,58
226,14,130
226,15,277
226,16,278
226,17,292
226,18,215
226,19,525
226,20,1021
226,21,1357
226,22,1877
226,23,1896
226,24,2354
226,25,2914
556,7,4
556,8,93
556,9,35
556,11,1
556,12,3
556,13,2
556,14,5
556,15,11
556,16,6
556,17,7
556,18,30
556,19,92
556,20,201
556,21,189
556,22,203
556,23,234
556,24,145
556,25,133
587,7,5
587,8,6
587,9,5
587,10,24
587,11,23
587,12,19
587,13,38
587,14,134
587,15,379
587,16,644
587,17,482
587,18,542
587,19,635
587,20,342
587,21,292
587,22,372
587,23,390
587,24,318
587,25,266
607,7,2
607,8,2
607,10,17
607,11,94
607,12,67
607,13,9
607,14,101
607,15,281
607,16,593
607,17,570
607,18,467
607,19,611
607,20,825
607,21,788
607,22,1279
607,23,1942
607,24,2569
607,25,2287
301,7,1
301,10,4
301,11,25
301,12,57
301,13,14
301,14,15
301,15,20
301,16,42
301,17,89
301,18,130
301,19,221
301,20,240
301,21,162
301,22,122
301,23,149
301,24,189
301,25,267
120,7,5
120,8,2
120,9,2
120,10,9
120,11,18
120,12,7
120,13,10
120,14,30
120,15,20
120,16,27
120,17,63
120,18,104
120,19,42
120,20,264
120,21,215
120,22,234
120,23,232
120,24,280
120,25,258
275,7,8
275,8,-2
275,9,2
275,10,2
275,11,16
275,12,22
275,13,10
275,14,21
275,15,52
275,16,7
275,17,24
275,18,36
275,19,54
275,20,89
275,21,123
275,22,130
275,23,113
275,24,145
275,25,198
381,7,1
381,8,2
381,9,4
381,10,2
381,11,11
381,12,10
381,13,13
381,14,9
381,15,6
381,16,11
381,17,9
381,18,28
381,19,47
381,20,124
381,21,129
381,22,191
381,23,227
381,24,210
381,25,256
395,7,4
395,8,7
395,9,6
395,10,68
395,11,49
395,12,33
395,13,42
395,14,48
395,15,34
395,16,64
395,17,55
395,18,158
395,19,255
395,20,353
395,21,1181
395,22,1163
395,23,571
395,24,431
395,25,291
438,7,1
438,9,7
438,10,50
438,11,5
438,12,8
438,13,15
438,14,9
438,15,40
438,16,41
438,17,56
438,18,71
438,19,130
438,20,107
438,21,156
438,22,180
438,23,199
438,24,180
438,25,142
550,7,4
550,8,3
550,9,14
550,10,33
550,11,7
550,12,20
550,13,14
550,14,28
550,15,24
550,16,71
550,17,37
550,18,71
550,19,134
550,20,134
550,21,66
550,22,88
550,23,101
550,24,107
550,25,148
643,7,2
643,8,1
643,10,2
643,11,6
643,12,36
643,13,17
643,14,14
643,15,15
643,16,22
643,17,72
643,18,62
643,19,37
643,20,81
643,21,134
643,22,228
643,23,178
643,24,341
643,25,460
299,7,1
299,15,8
299,16,2
299,17,10
299,18,15
299,19,57
299,20,56
299,21,420
299,22,63
299,23,57
299,24,94
299,25,133
216,7,2
216,8,2
216,9,2
216,10,75
216,11,37
216,12,14
216,13,2
216,14,11
216,15,20
216,16,62
216,17,119
216,18,341
216,19,644
216,20,491
216,21,660
216,22,298
216,23,510
216,24,664
216,25,844
250,7,1
250,8,2
250,9,10
250,10,16
250,11,8
250,12,11
250,13,54
250,14,72
250,15,110
250,16,217
250,17,449
250,18,960
250,19,1106
250,20,1250
250,21,1498
250,22,1613
250,23,1665
250,24,1697
250,25,1971
207,7,1
207,8,1
207,9,1
207,10,11
207,11,9
207,12,6
207,13,15
207,14,12
207,15,15
207,16,36
207,17,48
207,18,57
207,19,99
207,20,166
207,21,225
207,22,314
207,23,294
207,24,627
207,25,1644
254,7,2
254,8,23
254,9,27
254,10,20
254,11,43
254,12,91
254,13,122
254,14,130
254,15,452
254,16,298
254,17,240
254,18,341
254,19,519
254,20,758
254,21,843
254,22,1200
254,23,1211
254,24,1178
254,25,1659
340,7,6
340,8,4
340,9,9
340,10,33
340,11,65
340,12,58
340,13,81
340,14,102
340,15,110
340,16,213
340,17,223
340,18,392
340,19,420
340,20,244
340,21,388
340,22,652
340,23,791
340,24,393
340,25,737
125,7,2
125,8,1
125,11,2
125,12,18
125,13,3
125,14,3
125,17,2
125,18,4
125,19,34
125,20,3
125,21,11
125,22,32
125,23,89
125,24,163
125,25,113
310,7,1
310,8,12
310,9,31
310,10,44
310,11,28
310,12,66
310,13,65
310,14,35
310,15,48
310,16,130
310,17,424
310,18,690
310,19,372
310,20,352
310,21,507
310,22,515
310,23,675
310,24,893
310,25,1322
476,7,26
476,8,16
476,9,9
476,10,25
476,11,7
476,12,2
476,13,1
476,14,6
476,15,8
476,16,20
476,17,47
476,18,84
476,19,91
476,20,64
476,21,69
476,22,92
476,23,81
476,24,111
476,25,154
490,7,3
490,8,6
490,9,4
490,10,41
490,11,26
490,12,14
490,13,35
490,14,15
490,15,121
490,16,340
490,17,327
490,18,271
490,19,262
490,20,111
490,21,161
490,22,129
490,23,74
490,24,103
490,25,96
626,7,1
626,8,1
626,10,1
626,12,22
626,13,12
626,14,5
626,15,10
626,16,10
626,17,34
626,18,121
626,19,23
626,20,47
626,21,15
626,22,41
626,23,47
626,24,48
626,25,49
141,7,2
141,10,7
141,11,60
141,12,47
141,13,25
141,14,9
141,15,15
141,16,48
141,17,47
141,18,22
141,19,31
141,20,150
141,21,168
141,22,249
141,23,431
141,24,440
141,25,230
282,7,4
282,8,35
282,9,5
282,11,2
282,12,0
282,13,4
282,14,5
282,15,35
282,16,12
282,17,3
282,18,44
282,19,59
282,20,95
282,21,64
282,22,74
282,23,192
282,24,184
282,25,261
585,7,1
585,8,13
585,9,18
585,10,55
585,11,47
585,12,26
585,13,5
585,14,17
585,15,46
585,16,47
585,17,93
585,18,75
585,19,71
585,20,129
585,21,54
585,22,195
585,23,120
585,24,108
585,25,138
258,7,1
258,8,27
258,9,13
258,10,12
258,11,5
258,12,18
258,13,51
258,14,71
258,15,91
258,16,264
258,17,123
258,18,707
258,19,652
258,20,778
258,21,854
258,22,898
258,23,914
258,24,786
258,25,809
391,7,1
391,8,4
391,9,10
391,10,24
391,11,1
391,12,6
391,13,6
391,14,17
391,15,26
391,16,20
391,17,40
391,18,48
391,19,108
391,20,180
391,21,206
391,22,244
391,23,268
391,24,234
391,25,318
503,7,1
503,9,4
503,10,2
503,11,8
503,12,17
503,13,30
503,14,89
503,15,54
503,16,30
503,17,74
503,18,65
503,19,115
503,20,239
503,21,304
503,22,428
503,23,363
503,24,573
503,25,739
683,7,2
683,8,5
683,9,11
683,10,8
683,11,8
683,12,18
683,13,44
683,14,73
683,15,173
683,16,85
683,17,171
683,18,479
683,19,761
683,20,1023
683,21,1019
683,22,830
683,23,802
683,24,807
683,25,932
137,7,2
137,8,4
137,9,4
137,10,2
137,11,13
137,12,36
137,13,65
137,14,51
137,15,55
137,16,68
137,17,121
137,18,64
137,19,77
137,20,45
137,21,38
137,22,85
137,23,67
137,24,68
137,25,82
161,7,9
161,8,5
161,9,11
161,10,71
161,11,48
161,12,61
161,13,31
161,14,49
161,15,40
161,16,27
161,17,40
161,18,116
161,19,148
161,20,261
161,21,204
161,22,724
161,23,215
161,24,234
161,25,312
167,7,1
167,8,1
167,9,3
167,10,8
167,11,25
167,12,35
167,13,10
167,14,25
167,15,14
167,16,32
167,17,56
167,18,19
167,19,145
167,20,226
167,21,113
167,22,104
167,23,101
167,24,136
167,25,130
242,7,2
242,8,1
242,9,7
242,10,28
242,11,34
242,12,52
242,13,18
242,14,24
242,15,41
242,16,38
242,17,105
242,18,206
242,19,203
242,20,460
242,21,594
242,22,593
242,23,639
242,24,694
242,25,531
320,7,2
320,8,3
320,9,11
320,10,2
320,11,6
320,12,8
320,13,29
320,14,47
320,15,55
320,16,27
320,17,9
320,18,19
320,19,24
320,20,27
320,21,57
320,22,41
320,23,61
320,24,150
320,25,109
566,7,5
566,8,9
566,9,18
566,10,31
566,11,24
566,12,31
566,13,23
566,14,38
566,15,76
566,16,92
566,17,205
566,18,305
566,19,624
566,20,1133
566,21,1245
566,22,1507
566,23,1572
566,24,2014
566,25,2333
706,7,2
706,8,1
706,9,2
706,10,16
706,11,11
706,12,14
706,13,34
706,14,34
706,15,41
706,16,42
706,17,105
706,18,150
706,19,145
706,20,199
706,21,319
706,22,216
706,23,303
706,24,414
706,25,286
215,7,1
215,9,7
215,10,1
215,11,11
215,12,4
215,13,3
215,14,1
215,15,14
215,16,5
215,17,16
215,18,22
215,19,18
215,20,44
215,21,28
215,22,28
215,23,33
215,24,49
215,25,60
404,7,3
404,8,20
404,9,11
404,10,19
404,11,17
404,12,20
404,13,18
404,14,14
404,15,11
404,16,57
404,17,97
404,18,130
404,19,85
404,20,97
404,21,107
404,22,93
404,23,65
404,24,80
404,25,70
677,7,1
677,10,4
677,13,4
677,15,-3
677,16,5
677,17,28
677,18,20
677,19,58
677,20,34
677,21,23
677,22,29
677,23,39
677,24,54
677,25,69
717,7,1
717,9,2
717,10,10
717,11,17
717,12,18
717,13,4
717,14,7
717,15,29
717,16,105
717,17,129
717,18,100
717,19,98
717,20,136
717,21,91
717,22,109
717,23,53
717,24,58
717,25,55
745,7,1
745,8,4
745,11,1
745,12,10
745,13,22
745,14,41
745,15,16
745,16,8
745,17,21
745,18,19
745,19,39
745,20,120
745,21,111
745,22,220
745,23,459
745,24,391
745,25,578
241,7,2
241,10,1
241,13,5
241,15,31
241,16,8
241,17,13
241,18,46
241,19,40
241,20,337
241,21,122
241,22,141
241,23,284
241,24,196
241,25,204
609,7,2
609,8,1
609,9,4
609,10,9
609,11,21
609,12,16
609,13,34
609,14,36
609,15,9
609,16,32
609,17,56
609,18,104
609,19,36
609,20,66
609,21,55
609,22,74
609,23,57
609,24,98
609,25,86
180,7,1
180,8,10
180,9,30
180,10,24
180,11,52
180,12,84
180,13,135
180,14,134
180,15,71
180,16,171
180,17,250
180,18,356
180,19,457
180,20,474
180,21,580
180,22,615
180,23,573
180,24,406
180,25,439
732,7,1
732,8,3
732,9,14
732,10,2
732,11,5
732,12,14
732,13,13
732,14,14
732,15,21
732,16,12
732,17,49
732,18,116
732,19,90
732,20,314
732,21,192
732,22,220
732,23,214
732,24,162
732,25,206
593,7,2
593,8,8
593,9,73
593,10,51
593,11,100
593,12,110
593,13,40
593,14,90
593,15,63
593,16,154
593,17,158
593,18,268
593,19,361
593,20,259
593,21,271
593,22,738
593,23,592
593,24,575
593,25,908
396,7,1
396,8,-1
396,11,1
396,12,2
396,13,1
396,14,10
396,15,1
396,16,4
396,17,11
396,18,17
396,19,32
396,20,79
396,21,63
396,22,90
396,23,57
396,24,98
396,25,64
289,7,2
289,8,116
289,9,159
289,10,64
289,11,63
289,12,193
289,13,81
289,14,175
289,15,342
289,16,871
289,17,1568
289,18,1646
289,19,2914
289,20,2478
289,21,1961
289,22,1816
289,23,1629
289,24,1378
289,25,1088
463,7,1
463,10,2
463,13,4
463,14,1
463,15,1
463,16,8
463,17,3
463,19,2
463,21,4
463,22,1
463,23,2
463,24,14
463,25,24
225,7,1
225,8,4
225,9,-1
225,12,13
225,13,15
225,14,82
225,15,173
225,16,284
225,17,430
225,18,763
225,19,1332
225,20,1822
225,21,1391
225,22,2119
225,23,2789
225,24,3035
225,25,4017
694,7,2
694,13,1
694,14,4
694,15,28
694,16,51
694,17,96
694,18,139
694,19,235
694,20,241
694,21,197
694,22,389
694,23,452
694,24,610
694,25,748
245,7,2
245,8,130
245,9,28
245,10,4
245,11,7
245,12,28
245,13,2
245,14,2
245,15,10
245,16,31
245,17,21
245,18,144
245,19,176
245,20,48
245,21,19
245,22,33
245,23,132
245,24,240
245,25,381
138,7,5
138,8,8
138,9,15
138,10,31
138,11,17
138,12,15
138,13,11
138,14,6
138,15,6
138,16,6
138,17,37
138,18,38
138,19,78
138,20,243
138,21,431
138,22,363
138,23,344
138,24,360
138,25,245
466,7,2
466,9,1
466,10,1
466,11,8
466,12,2
466,13,17
466,14,22
466,15,2
466,16,9
466,17,11
466,18,45
466,19,101
466,20,66
466,21,26
466,22,37
466,23,61
466,24,52
466,25,83
467,7,2
467,8,5
467,9,4
467,10,9
467,11,14
467,12,38
467,13,45
467,14,66
467,15,53
467,16,20
467,17,19
467,18,181
467,19,170
467,20,90
467,21,166
467,22,178
467,23,162
467,24,207
467,25,255
129,8,4
129,9,4
129,10,11
129,11,22
129,12,9
129,13,16
129,14,21
129,15,10
129,16,16
129,17,38
129,18,87
129,19,142
129,20,197
129,21,195
129,22,221
129,23,186
129,24,88
129,25,141
170,8,9
170,9,24
170,10,34
170,11,69
170,12,90
170,13,91
170,14,29
170,15,89
170,16,128
170,17,347
170,18,617
170,19,640
170,20,466
170,21,715
170,22,621
170,23,727
170,24,606
170,25,619
629,8,3
629,9,1
629,10,2
629,11,3
629,12,15
629,13,29
629,14,21
629,15,6
629,16,16
629,17,14
629,18,35
629,19,74
629,20,100
629,21,85
629,22,142
629,23,86
629,24,100
629,25,121
648,8,3
648,9,12
648,10,11
648,11,24
648,12,41
648,13,109
648,14,79
648,15,93
648,16,70
648,17,91
648,18,531
648,19,125
648,20,339
648,21,476
648,22,408
648,23,339
648,24,172
648,25,167
264,8,9
264,10,0
264,11,1
264,12,11
264,13,36
264,14,35
264,15,38
264,16,38
264,17,20
264,18,118
264,19,195
264,20,262
264,21,283
264,22,335
264,23,707
264,24,907
264,25,1471
243,8,4
243,9,8
243,12,3
243,14,4
243,15,1
243,16,6
243,17,3
243,18,1
243,19,9
243,20,12
243,21,27
243,22,32
243,23,53
243,24,75
243,25,95
280,8,6
280,9,1
280,11,7
280,12,23
280,13,22
280,14,32
280,15,7
280,16,23
280,17,21
280,18,71
280,19,45
280,20,80
280,21,129
280,22,71
280,23,118
280,24,216
280,25,250
358,8,15
358,9,3
358,10,6
358,11,1
358,12,11
358,13,31
358,14,15
358,15,16
358,16,19
358,17,31
358,18,22
358,19,31
358,20,82
358,21,54
358,22,46
358,23,63
358,24,85
358,25,290
542,8,2
542,9,3
542,10,2
542,11,17
542,12,61
542,13,66
542,14,74
542,15,39
542,16,49
542,17,98
542,18,170
542,19,176
542,20,141
542,21,152
542,22,182
542,23,116
542,24,82
542,25,152
445,8,18
445,9,1
445,10,1
445,11,6
445,12,5
445,13,70
445,14,97
445,15,46
445,16,32
445,17,65
445,18,70
445,19,89
445,20,121
445,21,142
445,22,150
445,23,181
445,24,266
445,25,310
523,8,0
523,14,7
523,15,1
523,16,3
523,17,1
523,18,11
523,19,9
523,20,17
523,21,16
523,22,6
523,23,23
523,24,73
523,25,37
545,8,1
545,10,2
545,11,8
545,12,9
545,13,1
545,14,5
545,15,7
545,16,15
545,17,10
545,18,3
545,19,23
545,20,10
545,21,33
545,22,54
545,23,32
545,24,41
545,25,39
157,8,19
157,10,1
157,11,1
157,12,2
157,13,6
157,14,12
157,15,7
157,16,19
157,17,5
157,18,5
157,19,37
157,20,133
157,21,183
157,22,195
157,23,250
157,24,177
157,25,234
478,8,7
478,9,12
478,12,2
478,14,5
478,15,5
478,16,5
478,17,8
478,18,10
478,19,29
478,20,30
478,21,62
478,22,76
478,23,115
478,24,164
478,25,230
263,8,3
263,9,33
263,10,272
263,11,42
263,12,18
263,13,14
263,14,20
263,15,21
263,16,32
263,17,27
263,18,26
263,19,45
263,20,39
263,21,113
263,22,82
263,23,62
263,24,119
263,25,172
565,8,2
565,10,8
565,11,1
565,12,1
565,15,1
565,16,59
565,17,71
565,18,12
565,19,9
565,20,10
565,21,22
565,22,48
565,23,98
565,24,108
565,25,61
383,8,9
383,9,12
383,10,12
383,11,19
383,12,19
383,13,33
383,14,42
383,15,142
383,16,248
383,17,651
383,18,984
383,19,1206
383,20,1498
383,21,1331
383,22,1137
383,23,997
383,24,980
383,25,763
130,8,3
130,9,5
130,10,4
130,11,7
130,12,10
130,13,16
130,14,30
130,15,17
130,16,4
130,17,12
130,18,26
130,19,136
130,20,110
130,21,185
130,22,143
130,23,248
130,24,140
130,25,291
152,8,1
152,9,27
152,10,104
152,11,19
152,12,18
152,13,44
152,14,42
152,15,57
152,16,97
152,17,191
152,18,99
152,19,171
152,20,346
152,21,315
152,22,518
152,23,644
152,24,686
152,25,732
186,8,6
186,9,1
186,10,11
186,11,85
186,12,91
186,13,49
186,14,37
186,15,16
186,16,15
186,17,19
186,18,23
186,19,84
186,20,152
186,21,341
186,22,270
186,23,225
186,24,586
186,25,322
235,8,3
235,10,3
235,11,11
235,12,62
235,13,105
235,14,80
235,15,153
235,16,156
235,17,259
235,18,401
235,19,445
235,20,553
235,21,674
235,22,598
235,23,738
235,24,605
235,25,625
328,8,291
328,9,183
328,10,198
328,11,231
328,12,400
328,13,300
328,14,358
328,15,441
328,16,529
328,17,815
328,18,1090
328,19,1547
328,20,1550
328,21,1538
328,22,1459
328,23,1184
328,24,978
328,25,916
418,8,727
418,9,354
418,10,348
418,11,440
418,12,631
418,13,830
418,14,1013
418,15,875
418,16,1462
418,17,2290
418,18,3528
418,19,4871
418,20,4800
418,21,4888
418,22,4515
418,23,3938
418,24,3591
418,25,3258
470,8,7
470,9,18
470,10,25
470,11,87
470,12,68
470,13,50
470,14,130
470,15,148
470,16,247
470,17,316
470,18,530
470,19,391
470,20,382
470,21,621
470,22,759
470,23,627
470,24,459
470,25,273
501,8,3
501,9,3
501,10,13
501,11,48
501,12,57
501,13,56
501,14,75
501,15,34
501,16,44
501,17,70
501,18,135
501,19,200
501,20,312
501,21,505
501,22,643
501,23,555
501,24,805
501,25,798
526,8,196
526,9,93
526,10,109
526,11,230
526,12,360
526,13,458
526,14,411
526,15,641
526,16,1001
526,17,1726
526,18,2760
526,19,3834
526,20,3873
526,21,4228
526,22,4142
526,23,4510
526,24,4188
526,25,4314
548,8,5
548,9,5
548,10,4
548,11,27
548,12,19
548,13,35
548,14,18
548,15,13
548,16,24
548,17,43
548,18,121
548,19,308
548,20,267
548,21,659
548,22,499
548,23,764
548,24,678
548,25,772
549,8,17
549,9,2
549,10,7
549,11,7
549,12,60
549,13,201
549,14,35
549,15,26
549,16,40
549,17,70
549,18,218
549,19,283
549,20,254
549,21,218
549,22,648
549,23,843
549,24,1299
549,25,1261
572,8,4
572,9,7
572,10,13
572,11,53
572,12,44
572,13,9
572,14,18
572,15,14
572,16,20
572,17,36
572,18,113
572,19,256
572,20,377
572,21,444
572,22,465
572,23,428
572,24,332
572,25,418
573,8,22
573,9,7
573,10,1
573,11,44
573,12,43
573,13,60
573,14,45
573,15,62
573,16,78
573,17,111
573,18,270
573,19,503
573,20,290
573,21,816
573,22,1115
573,23,1263
573,24,1198
573,25,1103
654,8,45
654,9,26
654,10,37
654,11,64
654,12,67
654,13,160
654,14,203
654,15,308
654,16,429
654,17,716
654,18,1021
654,19,1221
654,20,1029
654,21,1350
654,22,1635
654,23,1441
654,24,1194
654,25,1259
608,8,7
608,9,8
608,10,41
608,11,15
608,12,44
608,13,34
608,14,62
608,15,101
608,16,56
608,17,68
608,18,219
608,19,293
608,20,378
608,21,666
608,22,634
608,23,320
608,24,301
608,25,307
579,8,1
579,10,1
579,11,5
579,12,21
579,13,94
579,14,68
579,15,65
579,16,151
579,17,226
579,18,489
579,19,861
579,20,1057
579,21,934
579,22,1211
579,23,1935
579,24,3182
579,25,5194
343,8,22
343,9,11
343,10,12
343,11,8
343,12,7
343,13,15
343,14,41
343,15,73
343,16,76
343,17,77
343,18,88
343,19,136
343,20,198
343,21,288
343,22,327
343,23,455
343,24,622
343,25,820
474,8,2
474,10,8
474,11,2
474,12,8
474,13,2
474,14,1
474,15,4
474,16,7
474,17,4
474,18,9
474,19,54
474,20,71
474,21,64
474,22,68
474,23,80
474,24,13
474,25,50
342,8,5
342,9,8
342,10,33
342,11,58
342,12,70
342,13,67
342,14,42
342,15,16
342,16,63
342,17,85
342,18,111
342,19,239
342,20,299
342,21,391
342,22,394
342,23,355
342,24,641
342,25,1999
321,8,2
321,9,1
321,10,3
321,11,8
321,12,8
321,13,2
321,14,15
321,15,18
321,16,95
321,17,137
321,18,115
321,19,308
321,20,331
321,21,722
321,22,643
321,23,841
321,24,882
321,25,946
193,8,3
193,9,2
193,10,13
193,11,19
193,12,28
193,13,31
193,14,39
193,15,48
193,16,94
193,17,87
193,18,97
193,19,472
193,20,409
193,21,451
193,22,488
193,23,405
193,24,561
193,25,693
617,8,2
617,9,6
617,10,4
617,11,9
617,12,1
617,14,2
617,15,7
617,16,9
617,17,8
617,18,14
617,19,44
617,20,82
617,21,50
617,22,63
617,23,82
617,24,112
617,25,127
551,8,4
551,10,3
551,11,28
551,12,26
551,13,52
551,14,29
551,15,38
551,16,19
551,17,20
551,18,24
551,19,43
551,20,109
551,21,131
551,22,176
551,23,150
551,24,314
551,25,254
156,8,2
156,9,14
156,10,58
156,11,23
156,12,7
156,13,16
156,14,61
156,15,94
156,16,158
156,17,238
156,18,183
156,19,311
156,20,264
156,21,254
156,22,184
156,23,226
156,24,102
156,25,132
183,8,1
183,9,4
183,10,33
183,11,29
183,12,6
183,13,11
183,14,68
183,15,56
183,16,190
183,17,427
183,18,473
183,19,361
183,20,335
183,21,497
183,22,601
183,23,536
183,24,660
183,25,428
687,8,3
687,9,-1
687,10,3
687,11,11
687,12,12
687,13,62
687,14,68
687,15,153
687,16,183
687,17,170
687,18,165
687,19,397
687,20,482
687,21,209
687,22,307
687,23,501
687,24,631
687,25,721
724,8,6
724,9,9
724,10,50
724,11,24
724,12,23
724,13,19
724,14,27
724,15,123
724,16,469
724,17,1051
724,18,1294
724,19,2446
724,20,2578
724,21,1622
724,22,1334
724,23,778
724,24,674
724,25,622
276,8,1
276,9,1
276,10,33
276,11,13
276,12,28
276,13,41
276,14,48
276,15,86
276,16,71
276,17,50
276,18,78
276,19,137
276,20,127
276,21,271
276,22,189
276,23,330
276,24,482
276,25,416
228,8,1
228,10,1
228,12,17
228,13,10
228,14,26
228,15,40
228,16,78
228,17,41
228,18,71
228,19,123
228,20,128
228,21,134
228,22,155
228,23,161
228,24,104
228,25,110
363,8,2
363,9,3
363,10,21
363,11,3
363,12,3
363,13,11
363,14,14
363,15,23
363,16,77
363,17,113
363,18,268
363,19,184
363,20,189
363,21,245
363,22,166
363,23,187
363,24,191
363,25,206
390,8,8
390,9,3
390,10,7
390,11,26
390,12,41
390,13,37
390,14,86
390,15,59
390,16,117
390,17,104
390,18,114
390,19,196
390,20,281
390,21,124
390,22,330
390,23,498
390,24,576
390,25,1100
262,8,2
262,12,2
262,15,3
262,16,6
262,17,5
262,18,19
262,19,9
262,20,83
262,21,57
262,22,47
262,23,76
262,24,149
262,25,260
700,8,2
700,9,2
700,10,9
700,11,32
700,12,64
700,13,26
700,14,54
700,15,50
700,16,29
700,17,13
700,18,23
700,19,64
700,20,84
700,21,147
700,22,27
700,23,59
700,24,91
700,25,185
713,8,21
713,9,9
713,10,27
713,11,11
713,12,15
713,13,14
713,14,22
713,15,45
713,16,158
713,17,252
713,18,431
713,19,645
713,20,502
713,21,553
713,22,495
713,23,619
713,24,910
713,25,1006
690,8,1
690,9,2
690,10,1
690,11,3
690,12,6
690,13,5
690,14,2
690,15,12
690,16,20
690,17,53
690,18,84
690,19,88
690,20,28
690,21,24
690,22,17
690,23,22
690,24,37
690,25,62
227,8,1
227,9,8
227,10,47
227,11,38
227,12,72
227,13,144
227,14,70
227,15,156
227,16,178
227,17,272
227,18,197
227,19,430
227,20,511
227,21,828
227,22,794
227,23,1427
227,24,2535
227,25,2334
249,8,3
249,9,1
249,11,3
249,12,3
249,13,15
249,14,4
249,15,31
249,16,51
249,17,126
249,18,140
249,19,192
249,20,200
249,21,81
249,22,136
249,23,134
249,24,97
249,25,203
430,8,10
430,9,10
430,10,2
430,11,5
430,12,10
430,13,1
430,14,25
430,15,52
430,16,60
430,17,66
430,18,138
430,19,285
430,20,378
430,21,319
430,22,250
430,23,179
430,24,256
430,25,432
684,8,13
684,9,22
684,10,23
684,11,7
684,12,12
684,13,17
684,14,55
684,15,320
684,16,472
684,17,629
684,18,760
684,19,1182
684,20,1799
684,21,2183
684,22,2165
684,23,1572
684,24,1145
684,25,653
693,8,18
693,9,97
693,10,103
693,11,74
693,12,27
693,13,59
693,14,169
693,15,111
693,16,259
693,17,647
693,18,875
693,19,1091
693,20,1798
693,21,1032
693,22,973
693,23,942
693,24,961
693,25,893
116,8,5
116,9,11
116,10,24
116,11,92
116,12,64
116,13,20
116,14,47
116,15,16
116,16,12
116,17,24
116,18,23
116,19,43
116,20,88
116,21,143
116,22,207
116,23,146
116,24,225
116,25,282
437,8,3
437,9,0
437,10,5
437,11,3
437,12,43
437,13,3
437,14,29
437,15,31
437,16,43
437,17,61
437,18,149
437,19,110
437,20,234
437,21,499
437,22,628
437,23,525
437,24,545
437,25,653
627,8,4
627,9,2
627,10,6
627,11,5
627,12,6
627,13,6
627,14,28
627,15,42
627,16,43
627,17,22
627,18,55
627,19,127
627,20,74
627,21,109
627,22,99
627,23,110
627,24,208
627,25,277
341,8,-1
341,11,9
341,12,16
341,13,161
341,14,95
341,15,44
341,16,59
341,17,120
341,18,221
341,19,343
341,20,284
341,21,389
341,22,408
341,23,568
341,24,672
341,25,722
496,8,-1
496,9,4
496,10,30
496,11,48
496,12,37
496,13,42
496,14,23
496,15,37
496,16,48
496,17,69
496,18,136
496,19,143
496,20,238
496,21,402
496,22,597
496,23,791
496,24,596
496,25,453
378,8,3
378,9,12
378,10,29
378,11,30
378,12,26
378,13,33
378,14,32
378,15,81
378,16,32
378,17,20
378,18,26
378,19,60
378,20,79
378,21,52
378,22,55
378,23,94
378,24,128
378,25,234
287,8,9
287,10,4
287,11,5
287,12,10
287,13,19
287,14,6
287,15,19
287,16,35
287,17,40
287,18,106
287,19,51
287,20,103
287,21,233
287,22,240
287,23,251
287,24,226
287,25,300
520,8,10
520,9,40
520,10,8
520,11,141
520,12,109
520,13,62
520,14,46
520,15,20
520,16,13
520,17,38
520,18,40
520,19,62
520,20,147
520,21,90
520,22,65
520,23,141
520,24,139
520,25,150
633,8,1
633,10,3
633,11,4
633,12,6
633,13,5
633,14,1
633,15,11
633,16,10
633,17,103
633,18,70
633,19,42
633,20,45
633,21,60
633,22,81
633,23,122
633,24,265
633,25,359
398,8,6
398,9,18
398,10,14
398,11,31
398,12,92
398,13,12
398,14,23
398,15,37
398,16,29
398,17,32
398,18,45
398,19,66
398,20,85
398,21,157
398,22,152
398,23,312
398,24,469
398,25,541
481,8,8
481,9,3
481,10,3
481,11,3
481,12,53
481,13,38
481,14,31
481,15,42
481,16,72
481,17,74
481,18,128
481,19,76
481,20,160
481,21,170
481,22,316
481,23,824
481,24,1077
481,25,1541
386,8,2
386,9,4
386,10,1
386,11,6
386,12,13
386,13,10
386,14,21
386,15,31
386,16,17
386,17,23
386,18,35
386,19,112
386,20,73
386,21,32
386,22,78
386,23,57
386,24,61
386,25,53
618,8,2
618,9,6
618,10,1
618,11,3
618,12,19
618,13,16
618,14,20
618,15,19
618,16,15
618,17,20
618,18,13
618,19,31
618,20,35
618,21,72
618,22,66
618,23,61
618,24,65
618,25,107
568,8,4
568,9,2
568,10,13
568,11,2
568,12,9
568,13,20
568,14,18
568,15,62
568,16,163
568,17,276
568,18,371
568,19,563
568,20,754
568,21,792
568,22,940
568,23,923
568,24,962
568,25,703
719,8,7
719,9,5
719,10,4
719,11,3
719,12,13
719,13,87
719,14,247
719,15,622
719,16,741
719,17,870
719,18,1192
719,19,1040
719,20,1215
719,21,1137
719,22,1030
719,23,1141
719,24,1130
719,25,1010
220,8,6
220,9,2
220,10,12
220,11,17
220,12,27
220,13,12
220,14,11
220,15,2
220,16,11
220,17,4
220,18,12
220,19,35
220,20,94
220,21,43
220,22,61
220,23,111
220,24,147
220,25,163
726,8,4
726,9,3
726,10,9
726,11,6
726,12,15
726,13,25
726,14,16
726,15,59
726,16,60
726,17,298
726,18,694
726,19,1736
726,20,1398
726,21,4125
726,22,3797
726,23,3223
726,24,3833
726,25,4017
410,8,1
410,9,11
410,10,2
410,11,30
410,12,49
410,13,29
410,14,10
410,15,25
410,16,37
410,17,35
410,18,84
410,19,111
410,20,361
410,21,204
410,22,375
410,23,304
410,24,373
410,25,282
200,8,3
200,9,3
200,10,1
200,11,7
200,12,10
200,13,5
200,14,8
200,15,8
200,16,3
200,17,5
200,18,19
200,19,15
200,20,16
200,21,84
200,22,90
200,23,63
200,24,57
200,25,81
632,8,1
632,10,1
632,11,7
632,12,3
632,13,7
632,14,11
632,15,9
632,16,8
632,17,8
632,18,16
632,19,54
632,20,43
632,21,29
632,22,33
632,23,36
632,24,54
632,25,69
464,8,4
464,9,2
464,10,15
464,11,18
464,12,38
464,13,43
464,14,53
464,15,64
464,16,54
464,17,132
464,18,176
464,19,139
464,20,84
464,21,105
464,22,200
464,23,237
464,24,272
464,25,393
539,8,5
539,9,7
539,11,3
539,12,11
539,13,16
539,15,6
539,16,15
539,17,22
539,18,28
539,19,126
539,20,184
539,21,194
539,22,366
539,23,346
539,24,182
539,25,344
351,8,1
351,9,6
351,10,5
351,11,1
351,13,1
351,14,1
351,16,4
351,17,23
351,18,24
351,19,52
351,20,24
351,21,63
351,22,64
351,23,134
351,24,187
351,25,152
642,8,3
642,9,29
642,10,68
642,11,57
642,12,38
642,13,84
642,14,65
642,15,101
642,16,109
642,17,100
642,18,86
642,19,51
642,20,88
642,21,65
642,22,80
642,23,81
642,24,153
642,25,115
146,8,1
146,9,9
146,10,23
146,11,6
146,12,7
146,13,4
146,14,1
146,15,12
146,16,26
146,17,19
146,18,20
146,19,57
146,20,96
146,21,118
146,22,202
146,23,130
146,24,209
146,25,163
668,8,1
668,9,16
668,10,40
668,11,20
668,12,20
668,13,14
668,14,55
668,15,18
668,16,15
668,17,25
668,18,153
668,19,134
668,20,251
668,21,304
668,22,544
668,23,250
668,24,129
668,25,252
400,8,5
400,9,38
400,10,74
400,11,37
400,12,120
400,13,17
400,14,5
400,15,2
400,16,23
400,17,90
400,18,251
400,19,185
400,20,363
400,21,340
400,22,362
400,23,218
400,24,88
400,25,134
604,8,2
604,9,11
604,10,8
604,11,39
604,12,20
604,13,27
604,14,27
604,15,30
604,16,92
604,17,40
604,18,64
604,19,103
604,20,243
604,21,536
604,22,866
604,23,615
604,24,431
604,25,463
670,8,1
670,9,10
670,10,33
670,11,16
670,12,58
670,13,54
670,14,25
670,15,31
670,16,44
670,17,85
670,18,102
670,19,127
670,20,384
670,21,432
670,22,421
670,23,250
670,24,310
670,25,343
296,8,1
296,9,19
296,10,21
296,11,1
296,12,2
296,13,3
296,14,3
296,15,16
296,16,16
296,17,41
296,18,53
296,19,110
296,20,118
296,21,109
296,22,189
296,23,109
296,24,136
296,25,99
313,8,2
313,9,4
313,10,52
313,11,47
313,12,14
313,13,10
313,14,35
313,15,72
313,16,27
313,17,7
313,18,7
313,19,14
313,20,14
313,21,40
313,22,60
313,23,54
313,24,44
313,25,135
705,8,1
705,9,1
705,10,2
705,11,17
705,12,5
705,13,19
705,14,19
705,15,21
705,16,18
705,17,19
705,18,20
705,19,20
705,20,39
705,21,56
705,22,50
705,23,35
705,24,92
705,25,131
290,8,20
290,9,5
290,10,19
290,11,12
290,12,19
290,13,12
290,14,7
290,16,14
290,17,32
290,18,99
290,19,146
290,20,84
290,21,70
290,22,214
290,23,75
290,24,304
290,25,145
219,8,6
219,9,2
219,10,2
219,11,28
219,12,1
219,13,3
219,15,7
219,16,30
219,17,23
219,18,97
219,19,148
219,20,364
219,21,293
219,22,422
219,23,427
219,24,602
219,25,1202
273,8,1
273,9,1
273,10,3
273,11,19
273,12,27
273,13,25
273,14,58
273,15,73
273,16,73
273,17,153
273,18,423
273,19,590
273,20,454
273,21,745
273,22,744
273,23,1103
273,24,1204
273,25,1362
306,8,1
306,10,1
306,12,5
306,13,3
306,14,2
306,15,2
306,16,8
306,17,7
306,18,21
306,19,11
306,20,16
306,21,15
306,22,50
306,23,72
306,24,81
306,25,77
619,8,1
619,9,4
619,11,2
619,12,4
619,15,2
619,16,8
619,17,19
619,18,54
619,19,57
619,20,131
619,21,65
619,22,95
619,23,107
619,24,80
619,25,165
567,8,1
567,9,5
567,10,7
567,11,31
567,12,50
567,13,64
567,14,154
567,15,250
567,16,268
567,17,368
567,18,482
567,19,688
567,20,833
567,21,1246
567,22,1902
567,23,2486
567,24,2970
567,25,2653
134,8,1
134,9,3
134,10,19
134,11,58
134,12,62
134,13,16
134,14,11
134,15,35
134,16,59
134,17,80
134,18,96
134,19,146
134,20,417
134,21,592
134,22,513
134,23,483
134,24,436
134,25,399
281,8,2
281,9,5
281,10,26
281,11,15
281,12,13
281,13,35
281,14,17
281,15,16
281,16,25
281,17,52
281,18,62
281,19,86
281,20,158
281,21,218
281,22,168
281,23,154
281,24,197
281,25,209
393,8,0
393,9,4
393,10,6
393,11,3
393,12,8
393,13,7
393,14,10
393,15,2
393,16,53
393,17,73
393,18,71
393,19,103
393,20,89
393,21,81
393,22,78
393,23,89
393,24,138
393,25,166
484,8,1
484,9,10
484,10,16
484,11,4
484,12,2
484,13,5
484,14,19
484,15,19
484,16,49
484,17,103
484,18,57
484,19,84
484,20,392
484,21,235
484,22,230
484,23,196
484,24,156
484,25,160
645,8,2
645,9,4
645,10,13
645,11,2
645,12,3
645,13,2
645,14,6
645,15,11
645,16,2
645,17,27
645,18,28
645,19,89
645,20,294
645,21,275
645,22,321
645,23,489
645,24,375
645,25,424
318,8,0
318,10,7
318,11,37
318,12,57
318,13,96
318,14,55
318,15,54
318,16,5
318,17,29
318,18,135
318,19,621
318,20,355
318,21,526
318,22,951
318,23,620
318,24,899
318,25,978
498,8,3
498,9,17
498,10,15
498,11,20
498,12,23
498,13,73
498,14,54
498,15,83
498,16,156
498,17,195
498,18,443
498,19,486
498,20,891
498,21,775
498,22,913
498,23,947
498,24,701
498,25,691
543,8,2
543,9,5
543,11,1
543,12,2
543,13,20
543,14,39
543,15,21
543,16,12
543,17,21
543,18,102
543,19,170
543,20,186
543,21,308
543,22,260
543,23,369
543,24,539
543,25,866
597,8,3
597,9,6
597,10,2
597,11,12
597,12,22
597,13,31
597,14,72
597,15,87
597,16,117
597,17,247
597,18,418
597,19,323
597,20,454
597,21,321
597,22,363
597,23,437
597,24,526
597,25,447
247,8,2
247,9,1
247,10,2
247,11,23
247,12,41
247,13,43
247,15,17
247,16,52
247,17,95
247,18,78
247,19,113
247,20,135
247,21,391
247,22,525
247,23,892
247,24,486
247,25,444
394,8,1
394,9,29
394,10,10
394,11,30
394,12,34
394,13,50
394,14,34
394,15,22
394,16,31
394,17,50
394,18,60
394,19,108
394,20,70
394,21,59
394,22,66
394,23,63
394,24,123
394,25,198
270,8,1
270,11,6
270,12,2
270,13,4
270,15,1
270,16,10
270,17,100
270,18,197
270,19,194
270,20,147
270,21,102
270,22,108
270,23,341
270,24,284
270,25,382
176,8,1
176,9,15
176,10,28
176,11,12
176,12,28
176,13,31
176,14,23
176,15,60
176,16,73
176,17,67
176,18,73
176,19,14
176,20,30
176,21,44
176,22,28
176,23,22
176,24,43
176,25,56
602,8,1
602,9,12
602,10,41
602,11,105
602,12,59
602,13,24
602,14,34
602,15,47
602,16,78
602,17,35
602,18,63
602,19,97
602,20,77
602,21,86
602,22,86
602,23,118
602,24,142
602,25,125
519,8,1
519,9,5
519,10,26
519,11,33
519,12,18
519,13,25
519,14,5
519,15,25
519,16,26
519,17,101
519,18,61
519,19,132
519,20,198
519,21,247
519,22,435
519,23,703
519,24,825
519,25,453
224,8,3
224,9,16
224,10,35
224,11,36
224,12,48
224,13,35
224,14,57
224,15,57
224,16,30
224,17,46
224,18,122
224,19,64
224,20,109
224,21,45
224,22,42
224,23,42
224,24,128
224,25,162
238,8,1
238,9,10
238,10,9
238,11,9
238,12,14
238,13,19
238,14,21
238,15,27
238,16,39
238,17,40
238,18,25
238,19,44
238,20,44
238,21,29
238,22,49
238,23,54
238,24,101
238,25,97
532,8,1
532,9,2
532,10,1
532,11,3
532,12,6
532,14,3
532,15,8
532,16,26
532,17,22
532,18,66
532,19,132
532,20,173
532,21,87
532,22,131
532,23,142
532,24,182
532,25,279
279,8,1
279,9,12
279,10,11
279,11,11
279,12,19
279,13,9
279,14,34
279,15,39
279,16,59
279,17,48
279,18,80
279,19,63
279,20,105
279,21,136
279,22,156
279,23,193
279,24,268
279,25,222
295,8,1
295,9,20
295,10,50
295,11,27
295,12,53
295,13,28
295,14,74
295,15,66
295,16,40
295,17,25
295,18,100
295,19,239
295,20,455
295,21,426
295,22,400
295,23,416
295,24,329
295,25,325
312,8,1
312,9,1
312,10,2
312,11,2
312,12,3
312,13,31
312,14,26
312,15,4
312,16,17
312,17,18
312,18,55
312,19,41
312,20,115
312,21,51
312,22,63
312,23,64
312,24,93
312,25,112
379,8,1
379,9,16
379,10,6
379,11,27
379,12,36
379,13,51
379,14,43
379,15,47
379,16,17
379,17,76
379,18,59
379,19,140
379,20,343
379,21,205
379,22,204
379,23,187
379,24,167
379,25,143
441,8,1
441,11,2
441,13,1
441,14,-1
441,15,4
441,16,4
441,17,30
441,18,71
441,19,115
441,20,139
441,21,154
441,22,180
441,23,245
441,24,260
441,25,392
714,8,1
714,10,9
714,11,4
714,12,9
714,13,7
714,14,26
714,15,8
714,16,16
714,17,12
714,18,13
714,19,57
714,20,46
714,21,136
714,22,37
714,23,191
714,24,210
714,25,268
293,9,2
293,10,33
293,11,32
293,12,36
293,13,25
293,14,38
293,15,21
293,16,73
293,17,104
293,18,398
293,19,702
293,20,739
293,21,581
293,22,903
293,23,403
293,24,440
293,25,335
489,9,1
489,10,1
489,11,1
489,13,2
489,14,4
489,15,6
489,16,18
489,17,33
489,18,61
489,19,52
489,20,115
489,21,99
489,22,167
489,23,177
489,24,138
489,25,171
673,9,3
673,10,19
673,11,10
673,12,13
673,13,16
673,14,24
673,15,33
673,16,67
673,17,84
673,18,158
673,19,161
673,20,216
673,21,111
673,22,126
673,23,51
673,24,46
673,25,122
185,9,4
185,10,3
185,11,11
185,12,3
185,13,3
185,14,8
185,15,11
185,16,4
185,17,4
185,18,12
185,19,5
185,20,31
185,21,39
185,22,34
185,23,91
185,24,37
185,25,81
177,9,3
177,10,2
177,11,5
177,12,44
177,13,43
177,14,101
177,15,206
177,16,75
177,17,151
177,18,85
177,19,32
177,20,31
177,21,69
177,22,92
177,23,167
177,24,226
177,25,288
210,9,3
210,10,2
210,11,7
210,12,22
210,13,12
210,14,13
210,15,9
210,16,18
210,17,2
210,18,12
210,19,31
210,20,23
210,21,27
210,22,33
210,23,51
210,25,50
365,9,3
365,11,13
365,12,25
365,13,14
365,14,9
365,15,12
365,16,32
365,17,19
365,18,40
365,19,45
365,20,52
365,21,73
365,22,120
365,23,188
365,24,359
365,25,374
598,9,4
598,10,7
598,11,16
598,12,106
598,13,150
598,14,134
598,15,106
598,16,129
598,17,243
598,18,235
598,19,140
598,20,254
598,21,315
598,22,223
598,23,410
598,24,397
598,25,459
322,9,21
322,10,17
322,11,28
322,12,47
322,13,16
322,14,31
322,15,26
322,16,13
322,17,43
322,18,147
322,19,101
322,20,154
322,21,217
322,22,174
322,23,203
322,24,413
322,25,429
689,9,6
689,10,15
689,11,27
689,12,50
689,13,111
689,14,38
689,15,96
689,16,113
689,17,134
689,18,160
689,19,330
689,20,440
689,21,472
689,22,355
689,23,701
689,24,1169
689,25,956
259,9,1
259,10,7
259,11,10
259,12,10
259,14,1
259,16,1
259,19,3
259,20,4
259,21,18
259,22,44
259,23,12
259,24,23
259,25,50
574,9,17
574,10,47
574,11,22
574,12,13
574,13,48
574,14,63
574,15,37
574,16,43
574,17,62
574,18,45
574,19,188
574,20,217
574,21,415
574,22,430
574,23,787
574,24,901
574,25,970
385,9,2
385,13,1
385,14,7
385,15,29
385,16,6
385,17,41
385,18,34
385,19,30
385,20,38
385,21,109
385,22,182
385,23,163
385,24,217
385,25,120
133,9,6
133,10,50
133,11,51
133,12,20
133,13,34
133,14,39
133,15,61
133,16,45
133,17,130
133,18,178
133,19,135
133,20,498
133,21,308
133,22,379
133,23,482
133,24,754
133,25,690
651,9,1
651,10,2
651,11,5
651,12,6
651,13,16
651,14,-1
651,15,5
651,16,11
651,17,31
651,18,205
651,19,128
651,20,178
651,21,242
651,22,250
651,23,133
651,24,295
651,25,293
355,9,3
355,11,3
355,13,5
355,14,8
355,17,6
355,18,3
355,20,2
355,21,30
355,22,76
355,23,41
355,24,61
355,25,52
712,9,5
712,10,15
712,11,134
712,12,50
712,13,11
712,14,17
712,15,47
712,16,39
712,17,64
712,18,178
712,19,280
712,20,328
712,21,152
712,22,241
712,23,420
712,24,225
712,25,252
516,9,1
516,10,2
516,11,3
516,12,5
516,13,7
516,14,16
516,15,42
516,16,6
516,17,14
516,18,20
516,19,104
516,20,110
516,21,75
516,22,55
516,23,63
516,24,79
516,25,68
297,9,9
297,10,6
297,11,1
297,12,4
297,13,32
297,14,4
297,15,30
297,16,16
297,17,16
297,18,92
297,19,57
297,20,342
297,21,425
297,22,143
297,23,83
297,24,478
297,25,593
730,9,2
730,10,1
730,11,8
730,12,-2
730,13,5
730,15,2
730,16,1
730,17,11
730,18,38
730,19,48
730,20,91
730,21,52
730,22,107
730,23,199
730,24,256
730,25,611
475,9,1
475,11,3
475,12,1
475,15,1
475,17,1
475,18,6
475,19,7
475,20,4
475,21,26
475,22,41
475,23,27
475,24,42
475,25,127
621,9,1
621,10,1
621,14,2
621,15,10
621,16,1
621,17,5
621,18,2
621,19,10
621,20,10
621,21,26
621,22,47
621,23,60
621,24,62
621,25,48
115,9,6
115,10,29
115,11,26
115,12,23
115,13,17
115,14,10
115,15,7
115,16,15
115,17,7
115,18,11
115,19,21
115,20,87
115,21,123
115,22,149
115,23,142
115,24,142
115,25,141
142,9,10
142,10,5
142,11,28
142,12,11
142,13,9
142,14,9
142,15,31
142,16,63
142,17,209
142,18,344
142,19,544
142,20,513
142,21,578
142,22,642
142,23,496
142,24,429
142,25,346
345,9,12
345,10,15
345,11,7
345,12,11
345,13,6
345,14,5
345,15,19
345,16,19
345,17,70
345,18,157
345,19,232
345,20,310
345,21,208
345,22,188
345,23,142
345,24,125
345,25,177
435,9,1
435,10,12
435,11,12
435,12,24
435,13,15
435,14,36
435,15,11
435,16,24
435,17,53
435,18,49
435,19,80
435,20,141
435,21,187
435,22,208
435,23,363
435,24,429
435,25,577
319,9,20
319,10,65
319,11,73
319,12,45
319,13,33
319,14,50
319,15,42
319,16,150
319,17,176
319,18,188
319,19,666
319,20,773
319,21,1027
319,22,1139
319,23,1349
319,24,1771
319,25,2175
415,9,6
415,10,8
415,11,8
415,12,8
415,13,11
415,14,15
415,15,48
415,16,57
415,17,100
415,18,200
415,19,401
415,20,502
415,21,438
415,22,502
415,23,556
415,24,460
415,25,590
536,9,4
536,10,22
536,11,37
536,12,52
536,13,25
536,14,26
536,15,26
536,16,58
536,17,92
536,18,136
536,19,153
536,20,370
536,21,1084
536,22,1344
536,23,1351
536,24,889
536,25,1418
636,9,4
636,10,4
636,11,6
636,12,3
636,15,3
636,16,1
636,17,7
636,18,17
636,19,20
636,20,22
636,21,38
636,22,82
636,23,37
636,24,48
636,25,44
314,9,3
314,11,16
314,13,4
314,14,14
314,15,12
314,16,21
314,17,48
314,18,17
314,19,41
314,20,35
314,21,19
314,22,38
314,23,58
314,24,60
314,25,46
357,9,12
357,10,31
357,11,39
357,12,34
357,13,56
357,14,72
357,15,47
357,16,53
357,17,64
357,18,44
357,19,34
357,20,93
357,21,71
357,22,61
357,23,168
357,24,82
357,25,128
317,9,11
317,10,20
317,11,17
317,12,46
317,13,47
317,14,35
317,15,33
317,16,39
317,17,47
317,18,210
317,19,277
317,20,335
317,21,273
317,22,262
317,23,337
317,24,462
317,25,387
507,9,5
507,10,70
507,11,144
507,12,92
507,13,13
507,14,32
507,15,88
507,16,76
507,17,34
507,18,120
507,19,242
507,20,273
507,21,292
507,22,249
507,23,396
507,24,422
507,25,690
118,9,1
118,10,3
118,11,5
118,12,5
118,13,10
118,14,16
118,15,22
118,16,35
118,17,36
118,18,80
118,19,81
118,20,172
118,21,158
118,22,234
118,23,216
118,24,162
118,25,191
442,9,1
442,10,3
442,11,6
442,12,13
442,13,29
442,14,2
442,16,5
442,17,18
442,18,130
442,19,19
442,20,42
442,21,134
442,22,141
442,23,166
442,24,177
442,25,189
427,9,7
427,10,14
427,11,19
427,12,32
427,13,53
427,14,47
427,15,46
427,16,55
427,17,102
427,18,233
427,19,447
427,20,480
427,21,715
427,22,734
427,23,909
427,24,1239
427,25,1322
204,9,8
204,10,9
204,11,5
204,12,7
204,13,16
204,14,23
204,15,53
204,16,58
204,17,70
204,18,214
204,19,218
204,20,290
204,21,226
204,22,202
204,23,267
204,24,232
204,25,258
397,9,6
397,10,36
397,11,4
397,12,1
397,13,4
397,14,10
397,15,10
397,16,39
397,17,52
397,18,112
397,19,20
397,20,44
397,21,102
397,22,106
397,23,170
397,24,152
397,25,170
112,9,1
112,10,5
112,11,38
112,12,28
112,13,1
112,14,63
112,15,39
112,16,16
112,17,9
112,18,10
112,19,53
112,20,42
112,21,16
112,22,55
112,23,42
112,24,108
112,25,214
143,9,2
143,10,16
143,11,6
143,12,17
143,14,3
143,16,9
143,17,6
143,18,18
143,19,8
143,20,9
143,21,13
143,22,44
143,23,114
143,24,81
143,25,321
562,9,1
562,10,2
562,11,3
562,12,3
562,13,2
562,16,7
562,17,3
562,18,6
562,19,9
562,20,44
562,21,46
562,22,58
562,23,68
562,24,55
562,25,25
641,9,2
641,12,7
641,13,16
641,14,3
641,15,7
641,16,3
641,17,2
641,18,21
641,19,163
641,20,119
641,21,58
641,22,84
641,23,98
641,24,255
641,25,184
588,9,17
588,10,26
588,11,45
588,12,79
588,13,27
588,14,12
588,15,8
588,16,11
588,17,28
588,18,64
588,19,154
588,20,65
588,21,39
588,22,48
588,23,10
588,24,2
588,25,56
646,9,10
646,10,6
646,11,4
646,12,3
646,13,40
646,14,20
646,15,62
646,16,268
646,17,361
646,18,652
646,19,553
646,20,435
646,21,461
646,22,433
646,23,371
646,24,304
646,25,230
480,9,2
480,10,11
480,11,9
480,12,34
480,13,7
480,14,11
480,15,31
480,16,56
480,17,108
480,18,38
480,19,95
480,20,127
480,21,187
480,22,221
480,23,157
480,24,316
480,25,314
625,9,2
625,10,14
625,11,3
625,12,19
625,13,25
625,14,27
625,15,31
625,16,17
625,17,31
625,18,136
625,19,278
625,20,518
625,21,434
625,22,444
625,23,509
625,24,576
625,25,656
424,9,1
424,10,4
424,11,24
424,12,9
424,13,9
424,14,7
424,15,2
424,16,5
424,17,12
424,18,12
424,19,11
424,20,26
424,21,22
424,22,28
424,23,117
424,24,75
424,25,178
701,9,6
701,10,44
701,11,124
701,12,712
701,13,116
701,14,58
701,15,76
701,16,137
701,17,290
701,18,523
701,19,1129
701,20,1273
701,21,1427
701,22,1819
701,23,2278
701,24,1246
701,25,1257
108,9,2
108,10,11
108,11,23
108,12,42
108,13,46
108,14,39
108,15,108
108,16,89
108,17,223
108,18,349
108,19,499
108,20,355
108,21,702
108,22,707
108,23,1044
108,24,1297
108,25,744
233,9,1
233,10,5
233,11,13
233,12,7
233,13,1
233,14,2
233,15,5
233,16,14
233,17,7
233,18,17
233,19,47
233,20,84
233,21,82
233,22,121
233,23,106
233,24,92
233,25,158
237,9,3
237,10,2
237,11,3
237,12,3
237,13,10
237,16,25
237,17,17
237,18,51
237,19,63
237,20,40
237,21,33
237,22,118
237,23,122
237,24,154
237,25,136
720,9,1
720,10,3
720,11,3
720,12,17
720,13,3
720,14,2
720,15,2
720,16,12
720,17,23
720,18,49
720,19,130
720,20,63
720,21,59
720,22,162
720,23,122
720,24,172
720,25,193
554,9,1
554,10,4
554,11,22
554,12,15
554,13,19
554,14,33
554,15,46
554,16,3
554,17,16
554,18,22
554,19,14
554,20,18
554,21,59
554,22,26
554,23,75
554,24,90
554,25,274
166,9,2
166,10,10
166,11,10
166,12,12
166,13,2
166,14,6
166,15,6
166,16,23
166,17,28
166,18,53
166,19,32
166,20,53
166,21,55
166,22,62
166,23,151
166,24,136
166,25,148
704,9,1
704,10,1
704,11,4
704,12,4
704,16,1
704,17,13
704,18,8
704,19,4
704,20,9
704,21,2
704,22,24
704,23,18
704,24,32
704,25,26
406,9,1
406,10,1
406,11,12
406,12,12
406,13,4
406,14,5
406,15,26
406,16,19
406,17,123
406,18,44
406,19,64
406,20,120
406,21,67
406,22,121
406,23,114
406,24,113
406,25,279
144,10,15
144,11,5
144,12,76
144,13,39
144,14,67
144,15,31
144,16,12
144,17,46
144,18,12
144,19,20
144,20,71
144,21,69
144,22,69
144,23,69
144,24,174
144,25,293
291,10,4
291,11,1
291,12,5
291,14,12
291,15,7
291,16,12
291,17,7
291,18,17
291,19,16
291,20,16
291,21,20
291,22,25
291,23,77
291,24,53
291,25,171
447,10,2
447,11,1
447,12,4
447,13,30
447,14,11
447,15,5
447,16,7
447,17,40
447,18,35
447,19,61
447,20,54
447,21,44
447,22,62
447,23,98
447,24,89
447,25,177
589,10,6
589,11,18
589,12,53
589,13,31
589,14,7
589,15,5
589,16,2
589,17,46
589,18,74
589,19,84
589,20,105
589,21,130
589,22,188
589,23,193
589,24,403
589,25,755
570,10,6
570,11,32
570,12,30
570,13,36
570,14,4
570,15,12
570,16,4
570,17,18
570,18,10
570,19,18
570,20,48
570,21,47
570,22,56
570,23,22
570,24,66
570,25,71
610,10,5
610,11,3
610,12,8
610,13,7
610,14,1
610,15,25
610,16,21
610,17,41
610,18,45
610,19,91
610,20,190
610,21,550
610,22,422
610,23,491
610,24,743
610,25,572
230,10,4
230,11,2
230,12,37
230,13,22
230,14,22
230,15,93
230,16,43
230,17,81
230,18,342
230,19,316
230,20,239
230,21,542
230,22,386
230,23,1087
230,24,488
230,25,329
578,10,9
578,11,4
578,12,32
578,13,17
578,14,21
578,15,24
578,16,25
578,17,14
578,18,17
578,19,31
578,20,29
578,21,99
578,22,252
578,23,324
578,24,634
578,25,861
674,10,6
674,11,1
674,12,7
674,13,13
674,14,15
674,15,8
674,16,8
674,17,29
674,18,64
674,19,55
674,20,28
674,21,16
674,22,49
674,23,116
674,24,207
674,25,267
324,10,8
324,11,19
324,12,51
324,13,35
324,14,67
324,15,30
324,16,50
324,17,163
324,18,182
324,19,173
324,20,184
324,21,159
324,22,170
324,23,256
324,24,619
324,25,644
261,10,1
261,11,4
261,12,31
261,13,21
261,14,10
261,15,5
261,16,18
261,17,34
261,18,34
261,19,70
261,20,60
261,21,14
261,22,32
261,23,34
261,24,42
261,25,83
411,10,6
411,12,10
411,13,5
411,14,2
411,15,3
411,16,2
411,17,16
411,18,23
411,19,38
411,20,39
411,21,18
411,22,18
411,23,10
411,24,25
411,25,119
412,10,1
412,11,1
412,15,36
412,16,37
412,17,65
412,18,118
412,19,63
412,20,129
412,21,199
412,22,284
412,23,232
412,24,183
412,25,315
421,10,3
421,11,1
421,12,1
421,13,8
421,14,15
421,15,53
421,16,27
421,17,79
421,18,245
421,19,234
421,20,519
421,21,1029
421,22,1075
421,23,1191
421,24,1533
421,25,1540
576,10,66
576,11,68
576,12,224
576,13,25
576,14,46
576,15,34
576,16,96
576,17,111
576,18,294
576,19,607
576,20,811
576,21,1209
576,22,1315
576,23,880
576,24,1091
576,25,1280
376,10,5
376,11,8
376,12,12
376,13,42
376,14,80
376,15,30
376,16,9
376,17,7
376,18,13
376,19,147
376,20,219
376,21,268
376,22,459
376,23,479
376,24,348
376,25,240
423,10,13
423,11,1
423,12,55
423,13,95
423,14,67
423,15,47
423,16,2
423,17,34
423,18,8
423,19,43
423,20,16
423,21,23
423,22,71
423,23,75
423,24,112
423,25,297
584,10,21
584,11,13
584,12,16
584,13,28
584,14,78
584,15,86
584,16,56
584,17,42
584,18,96
584,19,87
584,20,208
584,21,164
584,22,239
584,23,324
584,24,413
584,25,1231
305,10,10
305,11,11
305,12,16
305,13,51
305,14,6
305,15,21
305,16,4
305,17,11
305,18,20
305,19,51
305,20,158
305,21,61
305,22,92
305,23,136
305,24,107
305,25,257
638,10,5
638,11,7
638,12,84
638,13,134
638,14,85
638,15,34
638,16,2
638,17,12
638,18,22
638,19,14
638,20,118
638,21,83
638,22,168
638,23,80
638,24,131
638,25,122
217,10,10
217,11,8
217,13,1
217,14,17
217,15,14
217,16,35
217,17,49
217,18,118
217,19,366
217,20,432
217,21,410
217,22,657
217,23,703
217,24,928
217,25,1218
285,10,13
285,11,19
285,12,9
285,13,8
285,14,5
285,15,9
285,16,9
285,17,43
285,18,58
285,19,59
285,20,40
285,21,143
285,22,98
285,23,58
285,24,137
285,25,211
582,10,2
582,11,6
582,12,12
582,13,23
582,14,19
582,15,23
582,16,16
582,17,13
582,18,49
582,19,56
582,20,101
582,21,91
582,22,101
582,23,164
582,24,131
582,25,95
630,10,2
630,11,3
630,12,18
630,13,31
630,14,5
630,15,7
630,16,13
630,17,18
630,18,48
630,19,63
630,20,35
630,21,14
630,22,85
630,23,60
630,24,75
630,25,81
640,10,7
640,11,4
640,12,1
640,14,1
640,15,3
640,16,4
640,17,9
640,18,17
640,19,28
640,20,15
640,21,91
640,22,70
640,23,54
640,24,40
640,25,66
136,10,6
136,11,10
136,12,11
136,13,13
136,14,19
136,15,22
136,16,11
136,17,1
136,18,2
136,19,3
136,20,35
136,21,32
136,22,14
136,23,17
136,24,68
136,25,40
201,10,1
201,11,10
201,12,22
201,13,10
201,14,11
201,15,17
201,16,5
201,17,1
201,18,4
201,19,1
201,20,10
201,21,20
201,22,57
201,23,63
201,24,98
201,25,68
494,10,12
494,11,70
494,12,4
494,13,24
494,14,9
494,15,2
494,16,2
494,18,12
494,19,28
494,20,12
494,21,4
494,22,5
494,23,20
494,24,108
494,25,113
432,10,1
432,12,3
432,14,1
432,17,3
432,18,12
432,19,4
432,20,13
432,21,59
432,22,112
432,23,45
432,24,18
432,25,20
211,10,2
211,11,-1
211,13,34
211,14,6
211,15,6
211,16,7
211,17,44
211,18,121
211,19,19
211,20,124
211,21,82
211,22,26
211,23,26
211,24,113
211,25,274
734,10,1
734,11,2
734,12,2
734,16,2
734,17,1
734,18,7
734,19,6
734,20,10
734,21,17
734,22,110
734,23,107
734,24,79
734,25,78
213,10,2
213,11,15
213,12,17
213,13,8
213,14,7
213,15,7
213,16,3
213,17,7
213,18,37
213,19,133
213,20,111
213,21,41
213,22,46
213,23,80
213,24,59
213,25,122
252,10,1
252,11,16
252,12,15
252,13,16
252,14,3
252,15,21
252,16,11
252,17,11
252,18,26
252,19,31
252,20,193
252,21,186
252,22,334
252,23,290
252,24,356
252,25,428
471,10,8
471,11,11
471,12,2
471,13,4
471,14,26
471,15,7
471,16,53
471,17,23
471,18,140
471,19,107
471,20,185
471,21,270
471,22,320
471,23,539
471,24,549
471,25,271
680,10,6
680,11,68
680,12,44
680,13,164
680,14,88
680,15,42
680,16,9
680,17,8
680,18,21
680,19,46
680,20,23
680,21,61
680,22,129
680,23,118
680,24,244
680,25,330
184,10,18
184,11,30
184,12,49
184,13,60
184,14,13
184,15,2
184,16,51
184,17,68
184,18,139
184,19,77
184,20,155
184,21,180
184,22,142
184,23,249
184,24,362
184,25,1032
711,10,5
711,11,14
711,12,2
711,13,5
711,15,19
711,16,21
711,17,13
711,18,58
711,19,74
711,20,15
711,21,61
711,22,69
711,23,129
711,24,201
711,25,88
649,10,10
649,11,7
649,12,6
649,13,7
649,14,35
649,15,21
649,16,19
649,17,63
649,18,129
649,19,201
649,20,156
649,21,148
649,22,128
649,23,291
649,24,179
649,25,230
140,10,3
140,11,4
140,13,5
140,14,5
140,15,3
140,16,13
140,17,15
140,18,13
140,19,38
140,20,31
140,21,31
140,22,26
140,23,46
140,24,52
140,25,63
368,10,11
368,11,7
368,12,7
368,13,14
368,14,23
368,15,6
368,16,6
368,17,3
368,18,6
368,19,26
368,20,126
368,21,226
368,22,250
368,23,337
368,24,180
368,25,323
145,10,1
145,11,15
145,12,1
145,13,20
145,14,63
145,15,28
145,16,17
145,17,8
145,18,12
145,19,21
145,20,9
145,21,40
145,22,14
145,23,10
145,24,27
145,25,93
188,10,5
188,11,7
188,12,3
188,13,4
188,15,14
188,16,7
188,17,37
188,18,30
188,19,32
188,20,125
188,21,146
188,22,149
188,23,344
188,24,450
188,25,812
164,10,5
164,11,4
164,12,16
164,13,6
164,14,10
164,15,31
164,16,140
164,17,127
164,18,222
164,19,853
164,20,929
164,21,451
164,22,616
164,23,525
164,24,724
164,25,907
274,10,1
274,11,1
274,12,1
274,13,-1
274,14,6
274,15,34
274,16,110
274,17,147
274,18,104
274,19,113
274,20,146
274,21,280
274,22,337
274,23,675
274,24,867
274,25,837
347,10,1
347,11,15
347,12,59
347,13,8
347,14,21
347,15,60
347,16,25
347,17,1
347,18,14
347,19,15
347,20,6
347,21,42
347,22,36
347,23,71
347,24,46
347,25,139
286,10,4
286,11,16
286,12,41
286,13,23
286,14,107
286,15,236
286,16,22
286,17,144
286,18,71
286,19,245
286,20,601
286,21,394
286,22,376
286,23,328
286,24,224
286,25,128
500,10,1
500,11,1
500,14,11
500,15,22
500,16,18
500,17,36
500,18,67
500,19,27
500,20,95
500,21,69
500,22,118
500,23,268
500,24,296
500,25,321
661,10,2
661,11,3
661,12,63
661,13,9
661,14,22
661,15,31
661,16,9
661,17,13
661,18,44
661,19,81
661,20,74
661,21,44
661,22,41
661,23,82
661,24,188
661,25,287
707,10,1
707,11,1
707,12,48
707,13,9
707,14,6
707,15,3
707,16,5
707,17,9
707,18,20
707,19,15
707,20,17
707,21,2
707,22,36
707,23,112
707,24,294
707,25,246
742,10,6
742,11,11
742,12,44
742,13,28
742,14,38
742,15,26
742,16,51
742,17,86
742,18,141
742,19,320
742,20,503
742,21,292
742,22,380
742,23,611
742,24,1032
742,25,1648
202,10,7
202,11,1
202,12,37
202,13,3
202,15,5
202,16,6
202,17,6
202,18,9
202,19,22
202,20,27
202,21,21
202,22,53
202,23,41
202,24,47
202,25,113
561,10,2
561,11,19
561,12,23
561,13,7
561,14,13
561,15,1
561,16,2
561,17,3
561,18,10
561,19,25
561,20,45
561,21,43
561,22,20
561,23,13
561,24,71
561,25,119
600,10,3
600,11,2
600,12,17
600,13,21
600,14,13
600,15,9
600,16,1
600,17,1
600,19,1
600,20,9
600,21,16
600,22,46
600,23,27
600,24,37
600,25,107
150,10,1
150,11,27
150,12,76
150,13,75
150,14,15
150,15,43
150,16,24
150,17,43
150,18,65
150,19,119
150,20,259
150,21,216
150,22,380
150,23,523
150,24,528
150,25,687
546,11,1
546,12,4
546,14,19
546,15,19
546,16,47
546,17,48
546,18,218
546,19,324
546,20,191
546,21,62
546,22,100
546,23,112
546,24,191
546,25,342
534,11,18
534,12,50
534,13,6
534,14,5
534,15,2
534,16,1
534,17,4
534,18,14
534,19,6
534,20,37
534,21,20
534,22,86
534,23,55
534,24,103
534,25,338
246,11,3
246,12,3
246,13,2
246,17,1
246,18,18
246,19,7
246,20,7
246,21,19
246,22,13
246,23,51
246,24,141
246,25,309
586,11,1
586,12,3
586,13,12
586,14,71
586,15,61
586,16,79
586,17,158
586,18,38
586,19,196
586,20,480
586,21,476
586,22,474
586,23,514
586,24,539
586,25,579
529,11,1
529,18,1
529,20,0
529,21,2
529,22,6
529,23,4
529,24,6
529,25,3
257,11,22
257,12,-13
257,13,30
257,14,-9
257,15,34
257,16,23
257,17,54
257,18,146
257,19,132
257,20,300
257,21,615
257,22,282
257,23,132
257,24,27
257,25,87
413,11,12
413,12,-7
413,13,7
413,14,-1
413,15,32
413,16,8
413,17,30
413,18,34
413,19,119
413,20,189
413,21,81
413,22,309
413,23,136
413,24,160
413,25,138
155,11,2
155,12,14
155,13,2
155,14,34
155,15,17
155,16,64
155,17,35
155,18,76
155,19,101
155,20,80
155,21,158
155,22,217
155,23,402
155,24,741
155,25,1084
407,11,5
407,12,4
407,13,7
407,14,6
407,15,6
407,16,3
407,17,2
407,18,10
407,19,3
407,20,68
407,21,218
407,22,99
407,23,90
407,24,174
407,25,192
214,11,4
214,12,7
214,13,15
214,15,17
214,16,18
214,17,6
214,18,20
214,19,19
214,20,62
214,21,40
214,22,69
214,23,66
214,24,98
214,25,61
194,11,2
194,12,2
194,13,5
194,14,1
194,15,4
194,16,1
194,17,3
194,18,18
194,19,26
194,20,89
194,21,104
194,22,115
194,23,84
194,24,74
194,25,169
208,11,2
208,12,30
208,13,27
208,14,11
208,15,7
208,16,12
208,17,13
208,18,13
208,19,12
208,20,109
208,21,46
208,22,30
208,23,65
208,24,36
208,25,112
160,11,2
160,12,1
160,13,2
160,15,2
160,16,16
160,17,38
160,18,15
160,19,71
160,20,51
160,21,110
160,22,83
160,23,91
160,24,309
160,25,227
696,11,2
696,12,5
696,13,1
696,14,3
696,15,2
696,16,17
696,17,16
696,18,3
696,19,1
696,20,1
696,22,2
696,23,2
696,24,4
696,25,14
462,11,1
462,12,50
462,13,21
462,14,5
462,15,8
462,16,3
462,17,2
462,18,8
462,19,12
462,20,27
462,21,64
462,22,57
462,23,45
462,24,213
462,25,320
663,11,3
663,12,1
663,13,1
663,15,2
663,19,4
663,20,-3
663,21,2
663,22,1
663,23,1
663,24,2
663,25,1
739,11,1
739,20,4
739,21,8
739,23,27
739,24,17
739,25,2
110,11,4
110,12,8
110,13,32
110,14,105
110,15,30
110,16,8
110,17,7
110,18,23
110,19,27
110,20,137
110,21,239
110,22,317
110,23,347
110,24,604
110,25,776
605,11,1
605,12,2
605,15,3
605,16,10
605,17,24
605,18,50
605,19,58
605,20,57
605,21,107
605,22,82
605,23,96
605,24,240
605,25,201
448,12,1
448,14,2
448,19,5
448,20,14
448,21,38
448,22,57
448,23,11
448,24,6
448,25,16
512,12,2
512,13,1
512,14,1
512,15,6
512,16,3
512,17,5
512,18,21
512,19,20
512,20,30
512,21,76
512,22,16
512,23,10
512,24,4
512,25,6
679,12,1
679,15,1
679,17,-1
679,19,14
679,20,28
679,21,13
679,22,12
679,23,41
679,24,34
679,25,60
709,12,1
709,19,9
709,20,18
709,22,4
709,23,2
709,24,27
709,25,12
408,12,2
408,14,1
408,15,4
408,16,27
408,17,1
408,18,4
408,19,2
408,20,4
408,21,1
408,22,13
408,23,14
408,24,8
408,25,22
736,12,1
736,13,4
736,19,9
736,20,6
736,21,3
736,22,1
736,23,2
736,24,1
736,25,7
594,12,2
594,13,5
594,14,10
594,15,21
594,16,77
594,17,24
594,18,48
594,19,300
594,20,410
594,21,564
594,22,489
594,23,1013
594,24,1702
594,25,543
369,12,4
369,13,29
369,14,10
369,15,2
369,16,4
369,18,7
369,19,14
369,20,16
369,21,34
369,22,157
369,23,114
369,24,57
369,25,75
740,12,1
740,15,1
740,19,18
740,20,12
740,21,20
740,22,35
740,23,16
740,24,24
740,25,123
456,12,2
456,13,43
456,14,1
456,15,1
456,16,2
456,17,9
456,18,5
456,19,8
456,20,2
456,21,20
456,22,15
456,23,6
456,24,5
456,25,1
472,12,1
472,13,8
472,14,9
472,15,1
472,16,1
472,18,1
472,23,0
472,24,7
472,25,5
557,12,53
557,13,10
557,14,21
557,15,78
557,16,88
557,17,42
557,18,32
557,19,6
557,20,1
557,22,12
557,23,2
557,24,2
271,12,1
271,13,8
271,15,1
271,18,21
271,19,20
271,20,30
271,21,57
271,22,47
271,23,35
271,24,65
271,25,35
409,12,4
409,23,1
409,25,10
487,12,23
487,14,25
487,15,12
487,16,6
487,17,35
487,18,7
487,19,36
487,20,29
487,21,90
487,22,25
487,23,2
487,24,10
487,25,18
558,12,1
558,15,1
558,16,8
558,17,4
558,18,4
558,19,1
558,20,10
558,21,3
558,24,1
558,25,1
743,12,5
743,14,3
743,15,2
743,17,1
743,20,7
743,21,8
743,22,3
743,23,2
743,24,3
444,13,4
444,14,4
444,17,4
444,18,9
444,20,1
444,21,1
444,22,1
444,23,7
451,13,2
451,14,1
451,18,5
451,19,8
451,20,5
451,21,2
451,22,10
451,23,5
451,24,6
451,25,30
692,13,1
692,14,2
692,16,2
692,18,1
692,19,24
692,20,28
692,21,10
692,22,10
692,23,14
692,24,29
692,25,88
203,13,5
203,14,3
203,15,1
203,16,1
203,18,2
203,19,1
203,21,3
203,22,0
606,13,2
606,14,6
606,15,1
606,16,9
606,17,5
606,18,3
606,23,1
606,25,3
747,13,1
747,15,4
747,17,1
747,18,1
747,19,7
747,21,60
747,22,19
747,23,16
747,24,5
747,25,2
232,13,4
232,14,23
232,15,50
232,16,76
232,17,92
232,18,86
232,19,111
232,20,136
232,21,144
232,22,144
232,23,89
232,24,45
232,25,89
199,13,1
199,14,1
199,15,31
199,16,50
199,17,75
199,18,98
199,19,221
199,20,235
199,21,398
199,22,438
199,23,475
199,24,238
199,25,351
416,13,11
416,17,1
416,19,2
416,20,-1
416,21,24
416,22,59
416,23,57
416,24,16
416,25,12
622,13,1
622,14,2
622,17,2
622,18,2
622,20,1
622,21,2
622,23,3
622,24,2
449,13,1
449,15,3
449,18,1
449,19,3
449,20,5
449,21,2
449,22,2
449,23,2
449,24,3
449,25,23
737,13,3
737,14,9
737,15,3
737,16,12
737,17,2
737,18,1
737,19,3
737,20,16
737,21,17
737,22,106
737,23,95
737,24,89
737,25,47
420,13,1
420,14,2
420,17,2
420,18,12
420,19,48
420,20,37
420,21,46
420,22,56
420,23,38
420,24,91
420,25,102
260,13,2
260,14,8
260,15,2
260,16,3
260,17,10
260,18,12
260,19,14
260,20,29
260,21,38
260,22,37
260,23,27
260,24,36
260,25,24
537,14,1
537,23,2
537,24,24
537,25,1
515,14,6
515,15,3
515,16,14
515,17,71
515,18,46
515,19,16
515,20,15
515,21,31
515,22,68
515,23,72
515,24,99
515,25,131
452,14,1
452,16,2
452,18,13
452,19,2
452,20,7
452,21,25
452,22,19
452,23,12
452,24,25
452,25,19
667,14,3
667,15,2
667,17,1
667,18,23
667,19,39
667,20,9
667,21,25
667,22,95
667,23,159
667,24,157
667,25,74
446,15,1
446,17,2
446,18,7
446,19,1
446,20,1
446,21,1
446,22,4
446,23,6
446,24,7
446,25,29
450,15,2
450,18,2
450,19,1
450,23,1
450,24,1
181,15,1
181,16,1
181,17,15
181,18,19
181,19,28
181,20,11
181,21,19
181,22,25
181,23,72
181,24,247
181,25,157
268,16,1
268,18,1
268,19,8
268,20,8
268,21,2
268,22,1
268,23,8
268,24,6
268,25,21
111,16,5
111,17,5
111,18,31
111,19,61
111,20,64
111,21,27
111,22,78
111,23,97
111,24,152
111,25,170
486,16,1
486,17,3
486,18,1
486,19,8
486,20,5
486,23,1
486,24,3
486,25,7
124,16,4
124,22,30
124,23,6
124,24,6
124,25,6
453,17,12
453,18,2
453,19,11
453,20,14
453,22,1
453,23,1
453,24,8
453,25,11
710,17,1
710,18,3
710,22,17
710,23,97
710,24,15
710,25,23
269,18,2
269,20,35
269,21,74
269,22,41
269,23,25
269,24,32
269,25,18
634,18,1
634,19,1
634,20,1
634,23,2
634,24,18
634,25,19
266,18,1
266,23,3
266,24,68
266,25,30
657,18,2
657,20,3
657,22,1
657,24,13
657,25,9
373,19,1
373,23,2
631,20,4
631,23,3
631,24,3
631,25,8
664,22,1
664,25,1
708,23,1
428,24,2
428,25,2
436,25,7
